ticker,name,sector,price,pe_ratio,dividend_yield,eps,week52_low,week52_high,market_cap,ebitda,ps_ratio,pb_ratio,market_cap_bn,ebitda_bn,ev_ebitda_proxy,price_range_pct,market_cap_tier,loaded_at,acquired,deal_year,deal_value_bn,acquirer,deal_status,pe_ratio_sector_pct,pb_ratio_sector_pct,ps_ratio_sector_pct,ev_ebitda_proxy_sector_pct,market_cap_sector_pct,dividend_yield_sector_pct,pe_ratio_zscore,pb_ratio_zscore,ps_ratio_zscore,ev_ebitda_proxy_zscore,cheap_count,log_market_cap,log_ebitda,cheap_and_midcap,cash_cow_flag,near_52w_low,near_52w_high,profitable,low_pb_small_size,sector_Consumer Discretionary,sector_Consumer Staples,sector_Energy,sector_Financials,sector_Health Care,sector_Industrials,sector_Information Technology,sector_Materials,sector_Real Estate,sector_Telecommunication Services,sector_Utilities,tier_Large-cap,tier_Mega-cap,tier_Mid-cap,deal_probability,deal_score
MMM,3M Company,Industrials,222.89,24.31,2.3328617,7.92,259.77,175.49,138721055226.0,9048000000.0,4.3902707,11.34,138.721055226,9.048,15.331681612068966,43.75889890840058,Large-cap,2026-04-25T14:52:57.872278,0,2023.0,76.75,,none,0.7014925373134329,0.9253731343283582,0.9104477611940298,0.8208955223880597,0.9850746268656716,0.8805970149253731,0.5553872815138593,0.0897496143605127,1.1224800408940696,0.6273871797529998,0,25.65573095683408,22.92580957587075,0,0,0,0,1,0,0,0,0,0,0,1,0,0,0,0,0,1,0,0,0.006006408,12.0
AOS,A.O. Smith Corp,Industrials,60.24,27.76,1.1479592,1.7,68.39,48.925,10783419933.0,601000000.0,3.5754826,6.35,10.783419933,0.601,17.94246245091514,41.87002311841766,Large-cap,2026-04-25T14:52:57.872278,0,2023.0,76.75,,unlabeled,0.9402985074626866,0.746268656716418,0.746268656716418,0.9552238805970148,0.1791044776119403,0.3432835820895522,1.235894941847433,-0.1230588152079286,0.6190959293297298,1.0555395045175968,0,23.101275600166687,20.214105494163377,0,0,0,0,1,0,0,0,0,0,0,1,0,0,0,0,0,1,0,0,0.9874548,63.9
ABT,Abbott Laboratories,Health Care,56.27,22.51,1.9089824,0.26,64.6,42.28,102121042306.0,5744000000.0,3.7404804,3.19,102.121042306,5.744,17.778732991991642,37.32078853046592,Large-cap,2026-04-25T14:52:57.872278,0,2021.5,63.0,,none,0.6721311475409836,0.3442622950819672,0.4262295081967213,0.5737704918032787,0.8524590163934426,0.8032786885245902,-0.0406217965156031,-0.2287918847434255,-0.2841513694372271,0.0,2,25.349424635955817,22.47142166886643,0,1,0,0,1,0,0,0,0,0,1,0,0,0,0,0,0,1,0,0,0.0049370974,23.9
ABBV,AbbVie Inc.,Health Care,108.48,19.41,2.4995599,3.29,125.86,60.05,181386347059.0,10310000000.0,6.291571,26.14,181.386347059,10.31,17.593244137633366,26.40936027959276,Large-cap,2026-04-25T14:52:57.872278,0,2021.5,63.0,,none,0.4754098360655737,0.9672131147540984,0.7540983606557377,0.5409836065573771,0.9508196721311476,0.8524590163934426,-0.1556765069624651,0.6868902859899345,0.3844593188117904,0.0,1,25.92389510751711,23.056380135072278,0,1,1,0,1,0,0,0,0,0,1,0,0,0,0,0,0,1,0,0,0.008916363,18.7
ACN,Accenture plc,Information Technology,150.51,25.47,1.7144699,5.44,162.6,114.82,98765855553.0,5643228000.0,2.604117,10.62,98.765855553,5.643228,17.50165960918113,25.30347425701131,Large-cap,2026-04-25T14:52:57.872278,0,2020.0,27.5,,none,0.5142857142857142,0.7428571428571429,0.2285714285714285,0.6285714285714286,0.8,0.6857142857142857,-0.1900122769930305,0.0006820983252835,-0.8061293757857808,-0.0812020213512298,1,25.316017790411003,22.4537220793348,0,0,1,0,1,0,0,0,0,0,0,0,1,0,0,0,0,1,0,0,0.0076720472,17.6
ATVI,Activision Blizzard,Information Technology,65.83,31.8,0.43190324,1.28,74.945,38.93,52518668144.0,2704000000.0,10.59512,5.16,52.518668144,2.704,19.422584372781063,25.308899069832,Large-cap,2026-04-25T14:52:57.872278,1,2023.0,69.0,Microsoft,completed,0.7285714285714285,0.4285714285714285,0.8857142857142857,0.7,0.7142857142857143,0.3714285714285714,-0.0290467413102127,-0.2225946916056262,1.202793774368089,0.0156458645426076,1,24.68443452705337,21.71799799549695,0,0,1,0,1,0,0,0,0,0,0,0,1,0,0,0,0,1,0,0,0.8920539,64.7
AYI,Acuity Brands Inc,Industrials,145.41,18.22,0.35118526,7.43,225.36,142.0,6242377704.0,587800000.0,1.7953473,3.55,6.242377704,0.5878,10.619900823409322,95.90930902111326,Mid-cap,2026-04-25T14:52:57.872278,0,2023.0,76.75,,unlabeled,0.208955223880597,0.3582089552238806,0.3432835820895522,0.4029850746268656,0.0597014925373134,0.1343283582089552,-0.6458566754227958,-0.242470358853547,-0.4806891883650661,-0.1453164759614939,4,22.55462698921745,20.19189731365035,1,0,0,1,1,0,0,0,0,0,0,1,0,0,0,0,0,0,0,1,0.99281776,88.2
ADBE,Adobe Systems Inc,Information Technology,185.16,52.31,0.0,3.39,204.45,114.451,94550214268.0,2538040000.0,13.092818,11.06,94.550214268,2.53804,37.25324040125451,21.4335714841276,Large-cap,2026-04-25T14:52:57.872278,0,2020.0,27.5,,none,0.9,0.7857142857142857,0.9142857142857144,0.9285714285714286,0.7714285714285715,0.1714285714285714,0.4925019374977797,0.0186750997116572,1.8307103618469096,0.914619823950374,0,25.27239689824609,21.65465796694971,0,0,1,0,1,0,0,0,0,0,0,0,1,0,0,0,0,1,0,0,0.009287215,9.7
AAP,Advance Auto Parts,Consumer Discretionary,109.63,19.54,0.21832074,6.19,169.55,78.81,8123611867.0,853941000.0,1.1301061,2.51,8.123611867,0.853941,9.513083300836945,66.03482477407981,Mid-cap,2026-04-25T14:52:57.872278,0,2023.0,29.4,,unlabeled,0.5595238095238095,0.2619047619047619,0.1904761904761904,0.4166666666666667,0.1309523809523809,0.2738095238095238,-0.1747453954926716,-0.3222577657230326,-0.7831684166391786,0.0,3,22.81804070355081,20.56537266388624,1,0,0,0,1,0,1,0,0,0,0,0,0,0,0,0,0,0,0,1,0.9842695,81.4
AMD,Advanced Micro Devices Inc,Information Technology,11.22,187.0,0.0,0.03,15.65,9.7,11191663795.0,339000000.0,2.1091955,21.47,11.191663795,0.339,33.013757507374635,74.45378151260502,Large-cap,2026-04-25T14:52:57.872278,0,2020.0,27.5,,unlabeled,0.9714285714285714,0.9428571428571428,0.1571428571428571,0.9142857142857144,0.1714285714285714,0.1714285714285714,3.9175332172953663,0.444373155239271,-0.93055171161257,0.7008764419420691,1,23.1384350341872,19.641510668294572,0,0,0,1,1,0,0,0,0,0,0,0,1,0,0,0,0,1,0,0,0.9726848,68.2
AES,AES Corp,Utilities,10.06,9.96,4.961832,-1.72,12.05,10.0,6920851212.0,3001000000.0,0.65951383,2.2,6.920851212,3.001,2.306181676774409,97.0731707317073,Mid-cap,2026-04-25T14:52:57.872278,0,2018.0,14.6,,unlabeled,0.1071428571428571,0.7857142857142857,0.0357142857142857,0.0714285714285714,0.0714285714285714,0.8928571428571429,-1.6101874845079664,0.0886464934699149,-1.791850189620804,-1.2365084807051496,3,22.65780460667013,21.822211403737864,1,1,0,1,0,0,0,0,0,0,0,0,0,0,0,0,1,0,0,1,0.997931,86.9
AET,Aetna Inc,Health Care,178.0,18.11,1.101989,5.75,194.4,119.51,59197016353.0,4139000000.0,0.9923546,3.79,59.197016353,4.139,14.30225087050012,21.898784884497267,Large-cap,2026-04-25T14:52:57.872278,1,2018.0,69.0,CVS Health,completed,0.4016393442622951,0.4918032786885246,0.1639344262295081,0.4426229508196721,0.7377049180327869,0.6557377049180327,-0.2039252565046976,-0.2048524815869978,-1.0044026543319626,0.0,4,24.8041369781406,22.14372004995461,0,0,1,0,1,0,0,0,0,0,1,0,0,0,0,0,0,1,0,0,0.89937615,84.6
AMG,Affiliated Managers Group Inc,Financials,179.11,12.24,0.6387395,12.07,216.995,148.81,10442174371.0,1261400000.0,4.591235,2.89,10.442174371,1.2614,8.278241930394799,55.56207376989072,Large-cap,2026-04-25T14:52:57.872278,0,2023.0,13.0,,unlabeled,0.1691176470588235,0.8088235294117647,0.8382352941176471,0.0588235294117647,0.1323529411764706,0.0588235294117647,-0.6573742769886698,-0.1447165692455529,0.4730517709006349,0.0,2,23.069118670895133,20.955488052986595,1,0,0,0,1,0,0,0,0,1,0,0,0,0,0,0,0,1,0,0,0.9924051,76.1
AFL,AFLAC Inc,Financials,83.25,12.24,2.4299066,11.01,91.73,68.8,33422948000.0,0.0,1.5429344,1.53,33.422948,0.0,13.333242399935546,36.98211949411253,Large-cap,2026-04-25T14:52:57.872278,0,2023.0,13.0,,unlabeled,0.1691176470588235,0.4117647058823529,0.2352941176470588,0.6323529411764706,0.6029411764705882,0.7647058823529411,-0.6573742769886698,-0.1958933694780032,-0.6964061707749164,0.0,3,24.23250856690555,0.0,1,1,0,0,1,0,0,0,0,1,0,0,0,0,0,0,0,1,0,0,0.6744595,67.1
A,Agilent Technologies Inc,Health Care,65.05,27.45,0.8756979,2.1,75.0,49.23,21984606918.0,1094000000.0,6.493563,4.56,21.984606918,1.094,20.095618755027424,38.61078773767948,Large-cap,2026-04-25T14:52:57.872278,0,2021.5,63.0,,unlabeled,0.819672131147541,0.6065573770491803,0.7704918032786885,0.6721311475409836,0.4262295081967213,0.6065573770491803,0.14272345174488,-0.1741302475362489,0.437399034140127,0.0,0,23.81360835991059,20.81310654186028,0,0,0,0,1,0,0,0,0,0,1,0,0,0,0,0,0,1,0,0,0.9246796,60.4
APD,Air Products & Chemicals Inc,Materials,152.8,24.22,2.7811136,13.66,175.17,133.6301,34638387128.0,2542500000.0,4.1163683,3.35,34.638387128,2.5425,13.623751082792529,53.851838834469945,Large-cap,2026-04-25T14:52:57.872278,0,2023.0,63.0,,unlabeled,0.64,0.4,0.8,0.72,0.76,0.88,0.1953204643307821,-0.4816180334300117,0.8074591389690919,0.2035750621341809,1,24.26822835861554,21.656413686280302,0,0,0,0,1,0,0,0,0,0,0,0,0,1,0,0,0,1,0,0,0.14909017,26.1
AKAM,Akamai Technologies Inc,Information Technology,62.49,32.55,0.0,1.79,69.56,44.65,10906904066.0,789517000.0,5.8546524,3.25,10.906904066,0.789517,13.81465385292527,28.38217583299879,Large-cap,2026-04-25T14:52:57.872278,0,2020.0,27.5,,unlabeled,0.7428571428571429,0.1928571428571428,0.6142857142857143,0.4142857142857143,0.1571428571428571,0.1714285714285714,-0.0099749953762296,-0.3007006748964757,0.0110491205124523,-0.267090984593393,2,23.11266182631019,20.486931925310323,1,0,1,0,1,0,0,0,0,0,0,0,1,0,0,0,0,1,0,0,0.8968058,70.3
ALK,Alaska Air Group Inc,Industrials,64.04,9.66,1.9928383,8.28,101.43,59.25,7903173734.0,1665000000.0,0.9801092,2.21,7.903173734,1.665,4.746650891291291,88.64390706495968,Mid-cap,2026-04-25T14:52:57.872278,0,2023.0,76.75,,unlabeled,0.0298507462686567,0.1194029850746268,0.1194029850746268,0.0746268656716417,0.1044776119402985,0.7313432835820896,-2.334304667438849,-0.2996173118839501,-0.9843513143606474,-1.1084940720829608,4,22.790530254351637,21.233090960979418,1,1,0,1,1,0,0,0,0,0,0,1,0,0,0,0,0,0,0,1,0.99117553,89.8
ALB,Albemarle Corp,Materials,105.18,26.03,1.2004126,5.66,144.99,90.35,11782151266.0,686030000.0,5.3666205,2.98,11.782151266,0.68603,17.17439655117123,72.85871156661786,Large-cap,2026-04-25T14:52:57.872278,0,2023.0,63.0,,unlabeled,0.72,0.32,0.92,0.84,0.32,0.36,0.2979838639861167,-0.6054703217043407,1.621413866244521,0.8328790904746516,1,23.189851618785426,20.34643191797004,0,0,0,1,1,0,0,0,0,0,0,0,0,1,0,0,0,1,0,0,0.9787875,69.7
ARE,Alexandria Real Estate Equities Inc,Real Estate,114.58,19.03,3.0262272,1.57,134.37,106.89,12043374429.0,0.0,10.492155,2.07,12.043374429,0.0,12.232232065381956,72.01601164483262,Large-cap,2026-04-25T14:52:57.872278,0,2024.0,28.0,,unlabeled,0.7878787878787878,0.3333333333333333,0.5454545454545454,0.9848484848484848,0.3939393939393939,0.2121212121212121,-0.1066765197792172,-0.2545136003765635,0.1344424586921278,0.0,1,23.211780505831697,0.0,0,1,0,1,1,0,0,0,0,0,0,0,0,0,1,0,0,1,0,0,0.9812408,71.7
ALXN,Alexion Pharmaceuticals,Health Care,108.47,22.18,0.0,1.77,149.34,96.18,26172439795.0,1072000000.0,9.720562,2.82,26.172439795,1.072,24.41458936100746,76.88111361926262,Large-cap,2026-04-25T14:52:57.872278,1,2021.0,39.0,AstraZeneca,completed,0.6229508196721312,0.3032786885245901,0.918032786885246,0.8032786885245902,0.4590163934426229,0.2131147540983606,-0.0528695560147853,-0.2435545166898892,1.2831573237002432,0.0,1,23.98797277787813,20.792791900527856,0,0,0,1,1,0,0,0,0,0,1,0,0,0,0,0,0,1,0,0,0.95115805,67.3
ALGN,Align Technology,Health Care,220.71,56.59,0.0,2.84,287.32,92.61,18788041378.0,380326000.0,13.138819,16.44,18.788041378,0.380326,49.39983429478921,34.20985054696728,Large-cap,2026-04-25T14:52:57.872278,0,2021.5,63.0,,unlabeled,0.9836065573770492,0.918032786885246,0.9508196721311476,0.918032786885246,0.3278688524590163,0.2131147540983606,1.2242377299453826,0.2998699349610198,2.179042074081912,0.0,0,23.65648640752517,19.756539340269512,0,0,0,0,1,0,0,0,0,0,1,0,0,0,0,0,0,1,0,0,0.971031,62.0
ALLE,Allegion,Industrials,77.32,21.07,0.8004002,2.37,89.81,66.72,7599609494.0,531800000.0,4.265232,20.48,7.599609494,0.5318,14.290352564874013,54.09268081420532,Mid-cap,2026-04-25T14:52:57.872278,0,2023.0,76.75,,unlabeled,0.4776119402985074,0.9552238805970148,0.8656716417910447,0.7014925373134329,0.0895522388059701,0.2238805970149253,-0.0836981734081046,0.47954301040371,1.0452299007525283,0.4566154911579271,1,22.751362700681742,20.0917780386536,0,0,0,0,1,0,0,0,0,0,0,1,0,0,0,0,0,0,0,1,0.9974705,70.2
AGN,"Allergan, Plc",Health Care,164.2,10.65,1.643289,38.35,256.8,160.07,56668833898.0,-2888100000.0,4.820115,0.8303999999999999,56.668833898,-2.8881,-19.62149298777744,95.73038354181745,Large-cap,2026-04-25T14:52:57.872278,1,2020.0,63.0,AbbVie,completed,0.0655737704918032,0.0245901639344262,0.5901639344262295,0.0491803278688524,0.7049180327868853,0.7868852459016393,-0.4807988500316622,-0.3229375775566035,-0.0011919038018424,0.0,3,24.760490229873703,0.0,0,0,0,1,1,0,0,0,0,0,1,0,0,0,0,0,0,1,0,0,0.9152913,79.8
ADS,Alliance Data Systems,Information Technology,240.6,13.02,0.9240122,14.13,278.33,209.0,13632608582.0,2143200000.0,1.7282298,8.28,13.632608582,2.1432,6.360866266330721,54.420885619500936,Large-cap,2026-04-25T14:52:57.872278,0,2020.0,27.5,,unlabeled,0.1571428571428571,0.6571428571428571,0.1,0.0571428571428571,0.2285714285714285,0.4714285714285714,-0.5066032594971508,-0.0950079545022492,-1.0263257732847495,-0.6428910072400663,3,23.335730449742854,21.485565876661266,1,0,0,0,1,0,0,0,0,0,0,0,1,0,0,0,0,1,0,0,0.98349935,82.3
LNT,Alliant Energy Corp,Utilities,37.14,19.86,3.5733333,1.65,45.55,36.84,8670163500.0,1168400000.0,3.4331481,2.13,8.6701635,1.1684,7.420543906196508,96.55568312284734,Mid-cap,2026-04-25T14:52:57.872278,0,2018.0,14.6,,unlabeled,0.8214285714285714,0.7142857142857143,0.8214285714285714,0.8928571428571429,0.2142857142857142,0.4285714285714285,0.7046344774545286,0.0220767129331203,0.8217497245869616,0.5973750991130181,0,22.883153485807878,20.87890112933373,0,1,0,1,1,0,0,0,0,0,0,0,0,0,0,0,1,0,0,1,0.9959848,66.7
ALL,Allstate Corp,Financials,90.06,13.26,1.5278208,4.68,105.36,77.73,34759468905.0,0.0,1.2085556,1.67,34.759468905,0.0,13.333242399935546,55.37459283387622,Large-cap,2026-04-25T14:52:57.872278,0,2023.0,13.0,,unlabeled,0.25,0.5588235294117647,0.1470588235294117,0.6323529411764706,0.6176470588235294,0.25,-0.5221603751116966,-0.1906251694540745,-0.8246881201298918,0.0,2,24.271717858343106,0.0,1,0,0,0,1,0,0,0,0,1,0,0,0,0,0,0,0,1,0,0,0.61160004,56.5
GOOGL,Alphabet Inc Class A,Information Technology,1007.71,31.48,0.0,22.27,1198.0,824.3,733823966137.0,34217000000.0,6.801692,4.7,733.823966137,34.217,21.44618073288132,50.9205244848809,Mega-cap,2026-04-25T14:52:57.872278,0,2020.0,27.5,,none,0.7142857142857143,0.4,0.6714285714285714,0.7571428571428571,0.9857142857142858,0.1714285714285714,-0.0371840195753789,-0.2414055566913805,0.2491330977744382,0.117670177567181,1,27.321535008647693,24.255988433566227,0,0,0,0,1,0,0,0,0,0,0,0,1,0,0,0,0,0,1,0,0.011195464,16.8
GOOG,Alphabet Inc Class C,Information Technology,1001.52,40.29,0.0,22.27,1186.89,803.1903,728535558140.0,32714000000.0,6.772653,4.67,728.53555814,32.714,22.26984037843125,48.31121838250071,Mega-cap,2026-04-25T14:52:57.872278,0,2020.0,27.5,,none,0.8428571428571429,0.3857142857142857,0.6571428571428571,0.8,0.9714285714285714,0.1714285714285714,0.1868454226624764,-0.2426323522404515,0.2418327476985693,0.159196892657305,1,27.31430227146737,24.211068957813318,0,0,0,0,1,0,0,0,0,0,0,0,1,0,0,0,0,0,1,0,0.012622833,16.9
MO,Altria Group Inc,Consumer Staples,64.05,18.89,3.9526875,5.31,77.79,60.01,126985101434.0,10773000000.0,4.945682,10.32,126.985101434,10.773,11.787348132739256,77.27784026996628,Large-cap,2026-04-25T14:52:57.872278,1,2023.0,18.7,,rumoured,0.3823529411764705,0.7352941176470589,0.9117647058823528,0.4705882352941176,0.8529411764705882,0.9705882352941176,-0.4362972793677999,-0.2380331730472127,0.8251649592391684,-0.1911077076103083,2,25.567335604988035,23.100308840951293,0,1,0,1,1,0,0,1,0,0,0,0,0,0,0,0,0,1,0,0,0.88939255,74.7
AMZN,Amazon.com Inc,Consumer Discretionary,1350.5,200.0692,0.0,6.16,1498.0,812.5,685873374731.0,16132000000.0,3.927053,24.28,685.873374731,16.132,42.51632622929581,21.51714077315828,Mega-cap,2026-04-25T14:52:57.872278,0,2023.0,29.4,,none,1.0,0.9166666666666666,0.8928571428571429,0.988095238095238,1.0,0.1309523809523809,6.43667545504158,0.2507666495634139,1.126077333972524,0.0,0,27.253958862695622,23.504070714019523,0,0,1,0,1,0,1,0,0,0,0,0,0,0,0,0,0,0,1,0,0.016457444,10.8
AEE,Ameren Corp,Utilities,52.59,20.38,3.4404964,2.68,64.89,51.81,12905744906.0,2298000000.0,2.693119,1.79,12.905744906,2.298,5.61607698259356,94.0366972477064,Large-cap,2026-04-25T14:52:57.872278,0,2018.0,14.6,,unlabeled,0.8571428571428571,0.3571428571428571,0.5714285714285714,0.5357142857142857,0.3214285714285714,0.3571428571428571,0.8262210855576091,-0.3012622211027381,0.1244191452848641,-0.0496620314373486,1,23.280938390806792,21.555305016808138,0,1,0,1,1,1,0,0,0,0,0,0,0,0,0,0,1,1,0,0,0.9910699,72.7
AAL,American Airlines Group,Industrials,48.6,9.92,0.7782101,3.91,59.08,39.21,24594852352.0,5761000000.0,0.58022565,6.03,24.594852352,5.761,4.2691984641555285,52.74282838449924,Large-cap,2026-04-25T14:52:57.872278,0,2023.0,76.75,,unlabeled,0.044776119402985,0.7164179104477612,0.044776119402985,0.044776119402985,0.6119402985074627,0.1940298507462686,-2.2830200321673337,-0.1367058487674278,-1.2314033092853942,-1.1867933929608558,3,23.925803004044976,22.47437690787024,1,0,0,0,1,0,0,0,0,0,0,1,0,0,0,0,0,1,0,0,0.98877305,82.6
AEP,American Electric Power,Utilities,63.38,17.32,3.8479443,1.24,78.07,62.69,31701916517.0,4450800000.0,2.7489934,1.81,31.701916517,4.4508,7.122745689988316,95.51365409622883,Large-cap,2026-04-25T14:52:57.872278,0,2018.0,14.6,,unlabeled,0.4642857142857143,0.3928571428571428,0.6071428571428571,0.7857142857142857,0.8214285714285714,0.6428571428571429,0.1107306609510198,-0.282242283806511,0.1770696798654058,0.4905920371582817,2,24.17964297398321,22.216349692472495,1,1,0,1,1,0,0,0,0,0,0,0,0,0,0,0,1,1,0,0,0.6008122,58.2
AXP,American Express Co,Financials,88.34,15.0,1.4955667,2.9,102.385,75.51,80410990000.0,0.0,2.273575,3.75,80.41099,0.0,13.333242399935546,52.26046511627908,Large-cap,2026-04-25T14:52:57.872278,0,2023.0,13.0,,none,0.3676470588235294,0.8823529411764706,0.4264705882352941,0.6323529411764706,0.8676470588235294,0.2352941176470588,-0.2915013660274482,-0.1123547690985622,-0.4161013175788143,0.0,2,25.110416695344615,0.0,0,0,0,0,1,0,0,0,0,1,0,0,0,0,0,0,0,1,0,0,0.012365917,23.8
AIG,"American International Group, Inc.",Financials,58.28,23.22,2.1167521,-0.76,67.3,57.85,54360073164.0,0.0,1.4686536,0.8303999999999999,54.360073164,0.0,13.333242399935546,95.44973544973546,Large-cap,2026-04-25T14:52:57.872278,0,2023.0,13.0,,unlabeled,0.8676470588235294,0.0220588235294117,0.2205882352941176,0.6323529411764706,0.7794117647058824,0.6764705882352942,0.7981636079222769,-0.2222193175975784,-0.7249034493812367,0.0,2,24.71889577216296,0.0,0,1,0,1,0,0,0,0,0,1,0,0,0,0,0,0,0,1,0,0,0.11873897,30.2
AMT,American Tower Corp A,Real Estate,133.57,20.68,2.0,1.97,155.28,103.36,59213892640.0,3792383000.0,11.954137,9.22,59.21389264,3.792383,15.613900979937943,41.81432973805856,Large-cap,2026-04-25T14:52:57.872278,0,2024.0,28.0,,none,0.8484848484848485,0.9393939393939394,0.6363636363636364,0.6363636363636364,1.0,0.1212121212121212,-0.0553462219533213,0.2079622102422285,0.4890392530032874,0.0,0,24.80442202429484,22.056260418612208,0,1,0,0,1,0,0,0,0,0,0,0,0,0,1,0,0,1,0,0,0.018874394,12.1
AWK,American Water Works Company Inc,Utilities,76.06,26.23,2.129297,2.63,92.37,71.89,13906146184.0,1711000000.0,5.553833,2.55,13.906146184,1.711,8.127496308591468,79.638671875,Large-cap,2026-04-25T14:52:57.872278,0,2018.0,14.6,,unlabeled,1.0,0.8214285714285714,1.0,0.9642857142857144,0.4285714285714285,0.1071428571428571,2.194070426717266,0.4214953961538866,2.820074425378066,0.85087071485309,0,23.355596750936744,21.26034383244092,0,0,0,1,1,0,0,0,0,0,0,0,0,0,0,0,1,1,0,0,0.99561334,65.4
AMP,Ameriprise Financial,Financials,152.5,12.41,2.0735743,9.44,183.9,118.84,23472126000.0,0.0,1.9493247,3.73,23.472126,0.0,13.333242399935546,48.26314171533969,Large-cap,2026-04-25T14:52:57.872278,0,2023.0,13.0,,unlabeled,0.2058823529411764,0.8676470588235294,0.3088235294117647,0.6323529411764706,0.4852941176470588,0.6176470588235294,-0.6348386266758409,-0.1131073691019806,-0.5404975429463782,0.0,2,23.879079426473396,0.0,1,1,0,0,1,0,0,0,0,1,0,0,0,0,0,0,0,1,0,0,0.9491527,75.5
ABC,AmerisourceBergen Corp,Health Care,91.55,15.54,1.6132456,1.64,106.27,71.9,20587704101.0,991884000.0,0.4081934384,9.73,20.587704101,0.991884,20.75616110452432,42.82804771603143,Large-cap,2026-04-25T14:52:57.872278,0,2021.5,63.0,,unlabeled,0.2950819672131147,0.8688524590163934,0.0327868852459016,0.7049180327868853,0.3770491803278688,0.7704918032786885,-0.2993093229074187,0.0321476096616365,-1.1575043890589545,0.0,2,23.74795984628081,20.71511672393597,1,0,0,0,1,0,0,0,0,0,1,0,0,0,0,0,0,1,0,0,0.9745135,76.4
AME,AMETEK Inc,Industrials,72.05,27.61,0.75512403,2.94,78.51,51.31,17139651923.0,1025763000.0,4.015368,4.54,17.139651923,1.025763,16.70917348646812,23.75000000000003,Large-cap,2026-04-25T14:52:57.872278,0,2023.0,76.75,,unlabeled,0.9253731343283582,0.5522388059701493,0.835820895522388,0.8805970149253731,0.4776119402985074,0.1791044776119403,1.206307652267712,-0.2002498487788462,0.8908614610908392,0.8532875462613544,0,23.564660442091867,20.748702563834566,0,0,1,0,1,0,0,0,0,0,0,1,0,0,0,0,0,1,0,0,0.97091067,62.7
AMGN,Amgen Inc,Health Care,173.12,13.76,2.9751508,2.57,201.23,152.16,128133340000.0,11945000000.0,5.58192,3.91,128.13334,11.945,10.72694349100042,57.2855104952109,Large-cap,2026-04-25T14:52:57.872278,0,2021.5,63.0,,unlabeled,0.1967213114754098,0.5245901639344263,0.6721311475409836,0.3278688524590163,0.918032786885246,0.9508196721311476,-0.3653729953575523,-0.2000646009557122,0.1984681809327187,0.0,2,25.57633727741138,23.2035786178079,0,1,0,0,1,0,0,0,0,0,1,0,0,0,0,0,0,1,0,0,0.010245057,25.4
APH,Amphenol Corp,Information Technology,84.44,25.9,0.8608971,2.05,93.62,67.26,26955335395.0,1671700000.0,3.85675,6.64,26.955335395,1.6717,16.12450523120177,34.825493171471955,Large-cap,2026-04-25T14:52:57.872278,0,2020.0,27.5,,unlabeled,0.5714285714285714,0.5571428571428572,0.3857142857142857,0.5428571428571428,0.5142857142857142,0.4571428571428571,-0.1790778093242135,-0.1620727778514602,-0.4912197915512745,-0.150634459614346,1,24.017447088584728,21.23710691027105,0,0,0,0,1,0,0,0,0,0,0,0,1,0,0,0,0,1,0,0,0.5185061,44.4
APC,Anadarko Petroleum Corp,Energy,56.2,-21.29,1.7029973,-5.9,70.0,39.96,32129091747.0,3115000000.0,3.9682212,2.88,32.129091747,3.115,10.314315167576243,45.93874833555259,Large-cap,2026-04-25T14:52:57.872278,1,2019.0,55.0,Occidental Petroleum,completed,0.15625,0.78125,0.65625,0.65625,0.65625,0.46875,-0.9482944773257282,0.4011270748642648,0.1002403987408133,-0.1199509633638147,1,24.193027741638527,21.859494989506857,0,0,0,0,0,0,0,0,1,0,0,0,0,0,0,0,0,1,0,0,0.98802966,71.1
ADI,"Analog Devices, Inc.",Information Technology,82.68,17.67,2.108963,2.11,98.38,74.65,31811578855.0,1663384000.0,8.00391,3.13,31.811578855,1.663384,19.124615155009305,66.16097766540243,Large-cap,2026-04-25T14:52:57.872278,1,2021.0,21.0,Maxim (acquirer),completed,0.3285714285714285,0.1714285714285714,0.8142857142857143,0.6857142857142857,0.5571428571428572,0.7857142857142857,-0.3883584347064552,-0.3056078570927594,0.5513684456690247,0.0006230539935083,2,24.183096175427327,21.232119919100832,1,1,0,0,1,0,0,0,0,0,0,0,1,0,0,0,0,1,0,0,0.9385118,75.0
ANDV,Andeavor,Energy,96.9,18.78,2.3454583,6.13,121.71,75.11,15696449735.0,2548000000.0,0.6618165,1.7,15.696449735,2.548,6.160302093799058,53.24034334763946,Large-cap,2026-04-25T14:52:57.872278,1,2018.0,23.0,Marathon Petroleum,completed,0.375,0.25,0.15625,0.28125,0.4375,0.59375,-0.3361089018987273,-0.6551477408122289,-1.089365141092314,-0.3090382152747972,4,23.47670039226413,21.658574575048792,1,1,0,0,1,1,0,0,1,0,0,0,0,0,0,0,0,1,0,0,0.9895355,90.3
ANSS,ANSYS,Information Technology,148.84,42.53,0.0,2.99,164.9,94.52,13155919129.0,458515000.0,16.184554639999998,5.79,13.155919129,0.458515,28.692450910002943,22.81898266552998,Large-cap,2026-04-25T14:52:57.872278,0,2020.0,27.5,,unlabeled,0.8714285714285714,0.4857142857142857,0.9857142857142858,0.8857142857142857,0.2,0.1714285714285714,0.2438063705186395,-0.1968319850751366,2.607967148044455,0.4830077277763839,1,23.30013761824916,19.94350356668284,0,0,1,0,1,0,0,0,0,0,0,0,1,0,0,0,0,1,0,0,0.96096647,67.6
ANTM,Anthem Inc.,Health Care,230.57,19.23,1.2581781,14.36,267.95,156.81,61221978627.0,0.0,0.6696521,2.28,61.221978627,0.0,15.288987971795937,33.633255353608064,Large-cap,2026-04-25T14:52:57.872278,0,2021.5,63.0,,unlabeled,0.4590163934426229,0.1311475409836065,0.0983606557377049,0.9754098360655736,0.7540983606557377,0.6885245901639344,-0.1623571030529281,-0.2650999795306742,-1.088979164717238,0.0,3,24.837772089902195,0.0,0,0,0,0,1,0,0,0,0,0,1,0,0,0,0,0,0,1,0,0,0.15623282,37.7
AON,Aon plc,Financials,136.05,20.8,1.0245464,4.66,152.78,113.2201,35123123422.0,1858000000.0,3.4972682,6.78,35.123123422,1.858,18.90372627664155,42.29029901491154,Large-cap,2026-04-25T14:52:57.872278,0,2023.0,13.0,,none,0.7794117647058824,0.9558823529411764,0.7352941176470589,0.2058823529411764,0.6323529411764706,0.1176470588235294,0.4773619975867132,0.0016641314193234,0.0533595127980745,0.0,1,24.282125537493403,21.34276647787627,0,0,0,0,1,0,0,0,0,1,0,0,0,0,0,0,0,1,0,0,0.022810165,17.4
APA,Apache Corporation,Energy,37.73,-53.6096,2.528445,-3.72,57.9,38.14,15066280977.0,3265000000.0,3.651366,2.22,15.066280977,3.265,4.614481156814701,102.07489878542512,Large-cap,2026-04-25T14:52:57.872278,1,2024.0,19.75,,rumoured,0.0625,0.5625,0.5625,0.15625,0.40625,0.65625,-1.4420701929127135,-0.1896707033954687,-0.0137603771608582,-0.3794027104580183,2,23.435725035983523,21.906525599981084,1,1,0,1,0,0,0,0,1,0,0,0,0,0,0,0,0,1,0,0,0.99845207,78.5
AIV,Apartment Investment & Management,Real Estate,38.21,15.6,3.876562,1.95,46.855,38.85,6156884142.0,874871000.0,6.187621,4.69,6.156884142,0.874871,7.037476544541995,107.99500312304812,Mid-cap,2026-04-25T14:52:57.872278,0,2024.0,28.0,,unlabeled,0.4242424242424242,0.8181818181818182,0.1515151515151515,0.0303030303030303,0.0303030303030303,0.6060606060606061,-0.2133813207142615,-0.0850469397022648,-0.909601830090767,0.0,3,22.540836665579715,20.589587006024825,1,1,0,1,1,0,0,0,0,0,0,0,0,0,1,0,0,0,0,1,0.99317133,85.5
AAPL,Apple Inc.,Information Technology,155.15,16.86,1.5795412,9.2,180.1,131.12,809508034020.0,79386000000.0,3.4586093,5.66,809.50803402,79.386,10.197113269594135,50.93915884034298,Mega-cap,2026-04-25T14:52:57.872278,0,2020.0,27.5,,none,0.3142857142857143,0.4714285714285714,0.3428571428571428,0.2285714285714285,1.0,0.6571428571428571,-0.408955920315157,-0.2021480991211107,-0.5913116159753757,-0.4494776997160611,4,27.41969253468564,25.097587867247334,0,0,0,0,1,0,0,0,0,0,0,0,1,0,0,0,0,0,1,0,0.010819903,37.2
AMAT,Applied Materials Inc,Information Technology,45.75,14.08,0.8215239,3.17,60.89,34.58,51296481503.0,4336000000.0,4.7020154,5.44,51.296481503,4.336,11.830369350322878,57.54465982516154,Large-cap,2026-04-25T14:52:57.872278,0,2020.0,27.5,,none,0.1714285714285714,0.4428571428571428,0.4857142857142857,0.2857142857142857,0.7,0.4428571428571428,-0.479648525243788,-0.2111445998142975,-0.2787216570762817,-0.3671332989674347,4,24.660888000104297,22.190218101314382,0,0,0,0,1,0,0,0,0,0,0,0,1,0,0,0,0,1,0,0,0.076418266,39.0
APTV,Aptiv Plc,Consumer Discretionary,89.27,69.74,0.9392678,5.05,96.91,82.97,24906530300.0,2370000000.0,1.5025798,7.56,24.9065303,2.37,10.509084514767933,54.806312769010056,Large-cap,2026-04-25T14:52:57.872278,0,2023.0,29.4,,unlabeled,0.9761904761904762,0.7738095238095238,0.3095238095238095,0.5595238095238095,0.6904761904761905,0.3333333333333333,1.6637013859522105,-0.1893329472941601,-0.5289112375201834,0.0,1,23.938395867116984,21.58615579251539,0,0,0,0,1,0,1,0,0,0,0,0,0,0,0,0,0,1,0,0,0.8718698,63.9
ADM,Archer-Daniels-Midland Co,Consumer Staples,41.35,17.45,3.1761081,2.17,47.44,38.59,23594770663.0,2927000000.0,0.52478915,1.29,23.594770663,2.927,8.061076413734199,68.8135593220339,Large-cap,2026-04-25T14:52:57.872278,0,2022.0,18.7,,unlabeled,0.2352941176470588,0.0294117647058823,0.0588235294117647,0.1764705882352941,0.4117647058823529,0.7647058823529411,-0.6407294240500422,-0.4092534999007996,-0.9352561397694792,-0.5680230960243502,4,23.88429094239115,21.797243844997805,1,1,0,0,1,1,0,1,0,0,0,0,0,0,0,0,0,1,0,0,0.98130167,90.9
ARNC,Arconic Inc,Industrials,24.45,20.21,0.9561753,-0.21,31.17,21.755,12123300000.0,1517000000.0,0.94214815,4.46,12.1233,1.517,7.991628213579433,71.37546468401487,Large-cap,2026-04-25T14:52:57.872278,0,2023.0,76.75,,unlabeled,0.4029850746268656,0.5074626865671642,0.1044776119402985,0.1641791044776119,0.2238805970149253,0.2835820895522388,-0.2533319669985024,-0.203661607168721,-1.0078040248608369,-0.5763373457603945,3,23.21839505783707,21.140000537972004,1,0,0,1,0,0,0,0,0,0,0,1,0,0,0,0,0,1,0,0,0.9964108,83.0
AJG,Arthur J. Gallagher & Co.,Financials,64.4,21.05,2.4807138,2.54,70.55,53.63,11968488290.0,888000000.0,1.9400215,2.92,11.96848829,0.888,13.478027353603604,36.34751773049641,Large-cap,2026-04-25T14:52:57.872278,0,2023.0,13.0,,unlabeled,0.7941176470588235,0.8235294117647058,0.2941176470588235,0.1470588235294117,0.2058823529411764,0.7941176470588235,0.5105026598114616,-0.1435876692404253,-0.5440666467030734,0.0,2,23.205543057062155,20.60448230208257,1,1,0,0,1,0,0,0,0,1,0,0,0,0,0,0,0,1,0,0,0.9571181,76.1
AIZ,Assurant Inc,Financials,85.16,33.27,2.5313594,9.08,106.985,85.91,4653993594.0,0.0,0.9821866,1.12,4.653993594,0.0,13.333242399935546,103.55871886120995,Mid-cap,2026-04-25T14:52:57.872278,0,2023.0,13.0,,unlabeled,0.9852941176470588,0.1911764705882352,0.0441176470588235,0.6323529411764706,0.0294117647058823,0.8088235294117647,2.1304182293571605,-0.2113216695480801,-0.9115329099118288,0.0,2,22.260991525590068,0.0,1,0,0,1,1,1,0,0,0,1,0,0,0,0,0,0,0,0,0,1,0.93743104,74.7
T,AT&T Inc,Telecommunication Services,35.57,12.14,5.4156513,4.76,42.7,32.55,226713270000.0,49653000000.0,1.4083152,1.8,226.71327,49.653,4.565953114615431,70.2463054187192,Mega-cap,2026-04-25T14:52:57.872278,0,2023.0,28.0,,none,0.6666666666666666,0.6666666666666666,0.3333333333333333,1.0,1.0,0.6666666666666666,0.3793904298897028,-0.5207557907513882,-0.8451745352962083,0.5887416068330008,1,26.14695192826065,24.628324648593065,0,1,0,1,1,0,0,0,0,0,0,0,0,0,0,1,0,0,1,0,0.014937113,22.0
ADSK,Autodesk Inc,Information Technology,104.81,-53.6096,0.0,-2.61,131.1,81.75,24348294504.0,-378100000.0,16.184554639999998,205.0419999999998,24.348294504,-0.3781,-25.20615748198214,53.27254305977709,Large-cap,2026-04-25T14:52:57.872278,0,2020.0,27.5,,unlabeled,0.0142857142857142,1.0,0.9857142857142858,0.0142857142857142,0.4428571428571428,0.1714285714285714,-2.200926996674382,7.951216906374242,2.607967148044455,-2.234415866472593,2,23.91572764315961,0.0,1,0,0,0,0,0,0,0,0,0,0,0,1,0,0,0,0,1,0,0,0.9764582,74.9
ADP,Automatic Data Processing,Information Technology,108.25,29.34,2.2190912,3.85,125.24,95.5,50337702249.0,2767400000.0,4.0483294,12.86,50.337702249,2.7674,18.18952888957144,57.12844653665097,Large-cap,2026-04-25T14:52:57.872278,0,2020.0,27.5,,none,0.6857142857142857,0.8571428571428571,0.4142857142857143,0.6714285714285714,0.6857142857142857,0.8,-0.0916020679736775,0.0922828326559132,-0.4430570901040858,-0.0465214930767806,1,24.642020180995228,21.741174088560907,0,0,0,0,1,0,0,0,0,0,0,0,1,0,0,0,0,1,0,0,0.006693032,17.8
AZO,AutoZone Inc,Consumer Discretionary,718.57,16.31,0.0,44.09,797.89,491.13,19922021415.0,2347304000.0,1.8510429,136.23,19.922021415,2.347304,8.487192717688037,25.857347763724064,Large-cap,2026-04-25T14:52:57.872278,0,2023.0,29.4,,unlabeled,0.3928571428571428,0.9642857142857144,0.5119047619047619,0.3452380952380952,0.6190476190476191,0.1309523809523809,-0.293035895573687,3.197486139288618,-0.2910441214444436,0.0,2,23.71509156066128,21.57653327290923,1,0,1,0,1,0,1,0,0,0,0,0,0,0,0,0,0,1,0,0,0.9772893,74.9
AVB,"AvalonBay Communities, Inc.",Real Estate,154.94,17.97,3.7149355,6.36,199.52,156.01,21856547430.0,1331579000.0,10.251216,2.12,21.85654743,1.331579,16.414007302608407,102.4592047805102,Large-cap,2026-04-25T14:52:57.872278,0,2024.0,28.0,,unlabeled,0.6060606060606061,0.4242424242424242,0.5151515151515151,0.6666666666666666,0.7878787878787878,0.5151515151515151,-0.1396523474734292,-0.2512795037988097,0.076003847940055,0.0,1,23.80776636719352,21.009631293790125,0,1,0,1,1,0,0,0,0,0,0,0,0,0,1,0,0,1,0,0,0.6215452,52.8
AVY,Avery Dennison Corp,Materials,110.77,22.11,1.5682175,3.11,123.67,78.471,10104814319.0,831200000.0,1.5206499,8.83,10.104814319,0.8312,12.156898843840231,28.54045443483264,Large-cap,2026-04-25T14:52:57.872278,0,2023.0,63.0,,unlabeled,0.48,0.92,0.24,0.52,0.16,0.48,0.0756410315834032,1.352734776687075,-0.8824377173258338,-0.0564047165212261,2,23.03627781257132,20.538380998952373,1,0,1,0,1,0,0,0,0,0,0,0,0,1,0,0,0,1,0,0,0.9933559,77.1
BHGE,"Baker Hughes, a GE Company",Energy,27.5,200.0692,2.4991322,-0.31,57.73,28.03,32995712852.0,285000000.0,1.9390045,2.25,32.995712852,0.285,115.77443105964912,101.78451178451178,Large-cap,2026-04-25T14:52:57.872278,0,2023.0,19.75,,unlabeled,0.984375,0.59375,0.28125,1.0,0.6875,0.625,2.4336099206792774,-0.1628162589291173,-0.6298479137521786,4.68050660527681,1,24.21964347642794,19.467999741741696,0,0,0,1,0,0,0,0,1,0,0,0,0,0,0,0,0,1,0,0,0.5222345,46.3
BLL,Ball Corp,Materials,38.44,20.56,1.0170354,0.85,43.24,35.6,13767688518.0,1317000000.0,1.5696399,3.62,13.767688518,1.317,10.453825753986331,62.827225130890106,Large-cap,2026-04-25T14:52:57.872278,0,2023.0,63.0,,unlabeled,0.36,0.48,0.28,0.4,0.4,0.28,-0.0122751393921595,-0.3912393365811772,-0.850543638603778,-0.3582514555291325,4,23.345590272052377,20.998622260466856,1,0,0,0,1,0,0,0,0,0,0,0,0,1,0,0,0,1,0,0,0.995834,89.3
BAC,Bank of America Corp,Financials,29.74,16.34,1.536,1.55,32.67,22.07,321478200969.0,0.0,3.2011874,1.24,321.478200969,0.0,13.333242399935546,27.64150943396229,Mega-cap,2026-04-25T14:52:57.872278,0,2023.0,13.0,,none,0.5147058823529411,0.2647058823529412,0.5588235294117647,0.6323529411764706,0.9852941176470588,0.2647058823529412,-0.1138674165027971,-0.2068060695275698,-0.0602296925898884,0.0,1,26.496195574188423,0.0,0,0,1,0,1,0,0,0,0,1,0,0,0,0,0,0,0,0,1,0,0.01225919,18.1
BAX,Baxter International Inc.,Health Care,62.56,25.12,0.97635394,1.29,72.58,48.15,35713732553.0,1832000000.0,3.4394414,3.77,35.713732553,1.832,19.494395498362444,41.01514531313957,Large-cap,2026-04-25T14:52:57.872278,0,2021.5,63.0,,unlabeled,0.7704918032786885,0.4754098360655737,0.3770491803278688,0.6229508196721312,0.5409836065573771,0.639344262295082,0.0562468467961096,-0.205650461692212,-0.3630501325700597,0.0,2,24.298801117145395,21.3286741037442,1,0,0,0,1,0,0,0,0,0,1,0,0,0,0,0,0,1,0,0,0.04863138,25.0
BBT,BB&T Corporation,Financials,51.07,16.26,2.4526198,2.74,55.99,41.17,42087562920.0,0.0,3.4552107,1.55,42.08756292,0.0,13.333242399935546,33.19838056680163,Large-cap,2026-04-25T14:52:57.872278,1,2019.0,28.0,BB&T/SunTrust → Truist,completed,0.5,0.4485294117647059,0.7058823529411765,0.6323529411764706,0.7058823529411765,0.7794117647058824,-0.1244724284147163,-0.1951407694745848,0.0372244645085391,0.0,1,24.463018116436945,0.0,0,1,0,0,1,0,0,0,0,1,0,0,0,0,0,0,0,1,0,0,0.91912174,68.2
BDX,Becton Dickinson,Health Care,211.44,22.28,1.3518385,4.65,248.3888,175.66,50910180308.0,1537000000.0,5.6912947,3.98,50.910180308,1.537,33.123084130123615,50.80353312580436,Large-cap,2026-04-25T14:52:57.872278,0,2021.5,63.0,,none,0.639344262295082,0.5409836065573771,0.6885245901639344,0.8852459016393442,0.6885245901639344,0.7213114754098361,-0.0491581137423058,-0.1972716705874623,0.2271339968171212,0.0,0,24.653328746575067,21.153098302153488,0,0,0,0,1,0,0,0,0,0,1,0,0,0,0,0,0,1,0,0,0.032472882,12.1
BRK.B,Berkshire Hathaway,Financials,191.42,30.43,0.0,9.76,217.62,160.93,261401203633.0,0.0,1.4328232,1.58,261.401203633,0.0,13.333242399935546,46.21626389133889,Mega-cap,2026-04-25T14:52:57.872278,0,2023.0,13.0,,none,0.9558823529411764,0.4779411764705882,0.2058823529411764,0.6323529411764706,0.9558823529411764,0.0294117647058823,1.7539403064840189,-0.1940118694694572,-0.738649516889609,0.0,2,26.289322242693643,0.0,0,0,0,0,1,0,0,0,0,1,0,0,0,0,0,0,0,0,1,0,0.0055027334,22.4
BBY,Best Buy Co. Inc.,Consumer Discretionary,68.79,19.22,1.9085041,3.81,78.59,41.67,20831186176.0,2555000000.0,0.76715523,4.79,20.831186176,2.555,8.153106135420744,26.543878656554703,Large-cap,2026-04-25T14:52:57.872278,1,2023.0,29.4,,rumoured,0.5357142857142857,0.6428571428571429,0.1071428571428571,0.3095238095238095,0.6428571428571429,0.6547619047619048,-0.1864645781632366,-0.2622441843333635,-1.0309251424562902,0.0,2,23.75971703620525,21.66131806099347,1,1,1,0,1,0,1,0,0,0,0,0,0,0,0,0,0,1,0,0,0.99032825,77.5
BIIB,Biogen Inc.,Health Care,311.79,14.3,0.0,11.94,370.57,244.28,69157726427.0,6511400000.0,5.737439,5.51,69.157726427,6.5114,10.621022579936726,46.5436693324887,Large-cap,2026-04-25T14:52:57.872278,0,2021.5,63.0,,unlabeled,0.2459016393442623,0.6885245901639344,0.7049180327868853,0.2950819672131147,0.7868852459016393,0.2131147540983606,-0.3453312070861634,-0.1362261925385717,0.2392278723469707,0.0,2,24.95965562313207,22.59682032396316,0,0,0,0,1,0,0,0,0,0,1,0,0,0,0,0,0,1,0,0,0.5007168,49.1
BLK,BlackRock,Financials,509.38,22.49,2.1643558,30.3,594.52,368.0,85907759858.0,5684000000.0,6.9158196,2.95,85.907759858,5.684,15.113961973610134,37.58608511389722,Large-cap,2026-04-25T14:52:57.872278,0,2023.0,13.0,,none,0.8235294117647058,0.8382352941176471,0.8970588235294118,0.1764705882352941,0.8823529411764706,0.7058823529411765,0.7013928742260117,-0.1424587692352977,1.3648614308687772,0.0,1,25.17653999781699,22.4609210473572,0,1,0,0,1,0,0,0,0,1,0,0,0,0,0,0,0,1,0,0,0.004813319,17.9
HRB,Block H&R,Financials,25.19,12.29,3.7296038,1.92,31.8,19.85,5381433872.0,894754000.0,2.0188456,205.0419999999998,5.381433872,0.894754,6.014428403784727,55.31380753138075,Mid-cap,2026-04-25T14:52:57.872278,0,2023.0,13.0,,unlabeled,0.1911764705882352,1.0,0.3382352941176471,0.0294117647058823,0.0441176470588235,0.9558823529411764,-0.6507461445437203,7.462263225306132,-0.5138263647110586,0.0,3,22.406220694755167,20.61205937924053,1,1,0,0,1,0,0,0,0,1,0,0,0,0,0,0,0,0,0,1,0.99732804,85.5
BA,Boeing Company,Industrials,329.66,27.29,1.9648397,13.47,361.45,163.69,205617405233.0,12476000000.0,2.1560605,182.86,205.617405233,12.476,16.48103600777493,16.075040453074415,Mega-cap,2026-04-25T14:52:57.872278,0,2023.0,76.75,,none,0.8955223880597015,1.0,0.5074626865671642,0.8507462686567164,1.0,0.6567164179104478,1.143188101164308,7.4045596022521085,-0.257837021388732,0.8158743745331629,0,26.049283022751712,23.24707263577212,0,0,1,0,1,0,0,0,0,0,0,1,0,0,0,0,0,0,1,0,0.016142797,12.4
BWA,BorgWarner,Consumer Discretionary,51.94,14.15,1.2363636,0.55,58.22,37.54,11596117445.0,867900000.0,1.5831376,2.89,11.596117445,0.8679,13.361121609632448,30.367504835589948,Large-cap,2026-04-25T14:52:57.872278,0,2023.0,29.4,,unlabeled,0.2142857142857142,0.3452380952380952,0.3928571428571428,0.7857142857142857,0.3452380952380952,0.4523809523809524,-0.3721403786000005,-0.3122555021580878,-0.4739210489940347,0.0,3,23.173936176102167,20.58158705976668,1,0,0,0,1,0,1,0,0,0,0,0,0,0,0,0,0,1,0,0,0.993468,83.1
BXP,Boston Properties,Real Estate,112.09,18.05,2.7744062,2.93,140.13,111.87,17799878487.0,1546846000.0,6.839459,3.15,17.799878487,1.546846,11.507207884301346,99.22151450813872,Large-cap,2026-04-25T14:52:57.872278,0,2024.0,28.0,,unlabeled,0.6363636363636364,0.6060606060606061,0.2727272727272727,0.3939393939393939,0.5757575757575758,0.1515151515151515,-0.1371636057606584,-0.1846571142970816,-0.7515016173588744,0.0,2,23.60245746770429,21.159483856717323,1,1,0,1,1,0,0,0,0,0,0,0,0,0,1,0,0,1,0,0,0.90839535,73.8
BSX,Boston Scientific,Health Care,25.2,20.0,0.0,0.07,29.93,23.29,36142506007.0,1726000000.0,4.055685,4.78,36.142506007,1.726,20.940038242757826,71.23493975903614,Large-cap,2026-04-25T14:52:57.872278,0,2021.5,63.0,,unlabeled,0.5245901639344263,0.6721311475409836,0.5081967213114754,0.7540983606557377,0.5901639344262295,0.2131147540983606,-0.1337789975548366,-0.165352466378892,-0.2015399700046642,0.0,0,24.31073546137775,21.269072430187023,0,0,0,1,1,0,0,0,0,0,1,0,0,0,0,0,0,1,0,0,0.37887502,29.7
BHF,Brighthouse Financial Inc,Financials,55.44,22.63,0.0,-24.62,75.0,52.751,7066613254.0,0.0,1.4188358,0.8303999999999999,7.066613254,0.0,13.333242399935546,87.91406355341813,Mid-cap,2026-04-25T14:52:57.872278,0,2023.0,13.0,,unlabeled,0.8382352941176471,0.0220588235294117,0.1911764705882352,0.6323529411764706,0.0735294117647058,0.0294117647058823,0.7199516450718708,-0.2222193175975784,-0.7440156792731326,0.0,2,22.67864717167299,0.0,1,0,0,1,0,1,0,0,0,1,0,0,0,0,0,0,0,0,0,1,0.9715542,74.2
BMY,Bristol-Myers Squibb,Health Care,62.69,20.83,2.5546863,2.65,66.1,51.12,102506501960.0,5170000000.0,6.503231,6.75,102.50650196,5.17,19.82717639458414,22.76368491321761,Large-cap,2026-04-25T14:52:57.872278,0,2021.5,63.0,,none,0.5573770491803278,0.7868852459016393,0.7868852459016393,0.639344262295082,0.8688524590163934,0.8688524590163934,-0.1029740266932575,-0.0867514260152877,0.4399329026487529,0.0,0,25.35319206727889,22.366138525660173,0,1,1,0,1,0,0,0,0,0,1,0,0,0,0,0,0,1,0,0,0.022084173,13.0
AVGO,Broadcom,Information Technology,229.57,15.94,2.9488583,4.01,285.68,202.61,92791974933.0,7016000000.0,6.961893,4.4,92.791974933,7.016,13.225766096493729,67.54544360178166,Large-cap,2026-04-25T14:52:57.872278,0,2020.0,27.5,,none,0.2285714285714285,0.3571428571428571,0.7142857142857143,0.3714285714285714,0.7571428571428571,0.9,-0.4323505953275097,-0.2536735121820899,0.289407328378256,-0.2967811293194557,3,25.253625995994906,22.671459092158823,0,1,0,0,1,0,0,0,0,0,0,0,1,0,0,0,0,1,0,0,0.036170334,32.9
BF.B,Brown-Forman Corp.,Consumer Staples,63.33,37.04,1.1216964,1.7,69.9028,45.415,5498033502.0,1139000000.0,1.8411398,12.36,5.498033502,1.139,4.827070677787533,26.84112088468544,Mid-cap,2026-04-25T14:52:57.872278,1,2024.0,18.7,,rumoured,0.9411764705882352,0.8235294117647058,0.3235294117647059,0.088235294117647,0.0294117647058823,0.1176470588235294,2.140399544231293,-0.1993521689739772,-0.4110788894763065,-0.8951453833982417,2,22.427656320341324,20.853416522289415,1,0,1,0,1,0,0,1,0,0,0,0,0,0,0,0,0,0,0,1,0.99351764,76.4
CHRW,C. H. Robinson Worldwide,Industrials,90.47,26.0,1.987685,3.57,100.18,63.41,12932483889.0,868096000.0,0.85282737,9.31,12.932483889,0.868096,14.897527334534429,26.40739733478381,Large-cap,2026-04-25T14:52:57.872278,0,2023.0,76.75,,unlabeled,0.8059701492537313,0.8656716417910447,0.0746268656716417,0.7313432835820896,0.2686567164179104,0.7164179104477612,0.8887374107787114,0.0031762452174394,-1.0629872823047464,0.5561884944910623,1,23.283008114142348,20.581812866739284,0,0,1,0,1,0,0,0,0,0,0,1,0,0,0,0,0,1,0,0,0.989767,71.2
CA,"CA, Inc.",Information Technology,32.66,14.32,3.0,1.85,36.56,30.45,14175422936.0,1613000000.0,3.3742425,2.44,14.175422936,1.613,8.788234926224426,63.82978723404261,Large-cap,2026-04-25T14:52:57.872278,1,2018.0,18.9,Broadcom,completed,0.2,0.1428571428571428,0.3142857142857143,0.1714285714285714,0.2571428571428571,0.9142857142857144,-0.4735455665449133,-0.3338241547213909,-0.6125212710868058,-0.5205095754160017,4,23.374775522940517,21.201361636709446,1,1,0,0,1,0,0,0,0,0,0,0,1,0,0,0,0,1,0,0,0.9767725,90.2
COG,Cabot Oil & Gas,Energy,23.01,60.55,1.0269576,-0.92,29.57,21.4,10808821635.0,404951000.0,8.636729,4.21,10.808821635,0.404951,26.691677844973835,80.29375764993877,Large-cap,2026-04-25T14:52:57.872278,1,2021.0,17.0,Coterra merger,completed,0.78125,0.875,0.96875,0.90625,0.1875,0.34375,0.3020491087223314,1.5916741128725165,1.7799146206030576,0.6255330895794204,0,23.103628455810338,19.81927663256633,0,0,0,1,0,0,0,0,1,0,0,0,0,0,0,0,0,1,0,0,0.9944068,64.1
CDNS,Cadence Design Systems,Information Technology,36.82,34.09,0.0,0.74,46.0,29.01,10890625200.0,455607000.0,5.751737,10.98,10.8906252,0.455607,23.903551086791907,54.03178340200117,Large-cap,2026-04-25T14:52:57.872278,0,2020.0,27.5,,unlabeled,0.7714285714285715,0.7714285714285715,0.5857142857142857,0.8285714285714286,0.1428571428571428,0.1714285714285714,0.0291856562748825,0.0154036449141347,-0.0148236178118037,0.2415642145144798,0,23.111168182803503,19.93714115596884,0,0,0,0,1,0,0,0,0,0,0,0,1,0,0,0,0,1,0,0,0.95225906,60.8
CPB,Campbell Soup,Consumer Staples,44.83,14.84,3.125,2.89,64.23,43.5,13467193376.0,1683000000.0,2.3898203,7.91,13.467193376,1.683,8.001897430778373,93.5841775205017,Large-cap,2026-04-25T14:52:57.872278,1,2018.0,18.7,,rumoured,0.1470588235294117,0.6176470588235294,0.4705882352941176,0.1470588235294117,0.1764705882352941,0.7352941176470589,-1.011262686286606,-0.2837298494278489,-0.1925916377858219,-0.5740090978591007,3,23.32352244463401,21.243843752749257,1,1,0,1,1,0,0,1,0,0,0,0,0,0,0,0,0,1,0,0,0.99733293,85.2
COF,Capital One Financial,Financials,91.8,11.85,1.6306564,3.45,106.5,76.05,47637260000.0,0.0,1.5931405,0.94,47.63726,0.0,13.333242399935546,48.27586206896552,Large-cap,2026-04-25T14:52:57.872278,0,2023.0,13.0,,unlabeled,0.1029411764705882,0.1176470588235294,0.2647058823529412,0.6323529411764706,0.75,0.3382352941176471,-0.7090737100592772,-0.2180950695788457,-0.6771449724647639,0.0,3,24.586881065106933,0.0,1,0,0,0,1,0,0,0,0,1,0,0,0,0,0,0,0,1,0,0,0.3119774,46.5
CAH,Cardinal Health Inc.,Health Care,66.63,12.29,2.8394227,4.04,84.88,54.66,20493281175.0,1913000000.0,0.4081934384,3.03,20.493281175,1.913,10.712640446941975,60.390469887491726,Large-cap,2026-04-25T14:52:57.872278,0,2021.5,63.0,,unlabeled,0.1311475409836065,0.3278688524590163,0.0327868852459016,0.3114754098360656,0.360655737704918,0.918032786885246,-0.4199311967629998,-0.2351757255851395,-1.1575043890589545,0.0,4,23.743362921857624,21.371938527927263,1,1,0,0,1,0,0,0,0,0,1,0,0,0,0,0,0,1,0,0,0.9879176,90.8
KMX,Carmax Inc,Consumer Discretionary,64.34,19.44,0.0,3.97,77.64,54.29,11827453706.0,1339628000.0,0.6913859,3.55,11.827453706,1.339628,8.828909000110478,56.959314775160585,Large-cap,2026-04-25T14:52:57.872278,0,2023.0,29.4,,unlabeled,0.5476190476190477,0.4404761904761904,0.0595238095238095,0.3809523809523809,0.369047619047619,0.1309523809523809,-0.1784076400772231,-0.2948831496505519,-1.0826466361068117,0.0,3,23.193689251447967,21.01565780117408,1,0,0,0,1,0,1,0,0,0,0,0,0,0,0,0,0,1,0,0,0.98937386,81.6
CCL,Carnival Corp.,Consumer Discretionary,66.76,17.48,2.6041667,3.58,72.7,54.75,49180044050.0,4711000000.0,2.8147783,2.0,49.18004405,4.711,10.439406506049671,33.091922005571014,Large-cap,2026-04-25T14:52:57.872278,0,2023.0,29.4,,unlabeled,0.4166666666666667,0.1547619047619047,0.7023809523809523,0.5357142857142857,0.8333333333333334,0.7857142857142857,-0.2501876339344336,-0.3356818562970376,0.3668188208817297,0.0,2,24.618753769443696,22.273166036876585,1,1,0,0,1,0,1,0,0,0,0,0,0,0,0,0,0,1,0,0,0.42537373,47.5
CAT,Caterpillar Inc.,Industrials,145.99,21.22,2.0215108,1.26,173.24,90.34,91822049046.0,8136000000.0,2.0468428,5.75,91.822049046,8.136,11.285895900442478,32.87092882991556,Large-cap,2026-04-25T14:52:57.872278,0,2023.0,76.75,,none,0.4925373134328358,0.6865671641791045,0.4626865671641791,0.4328358208955223,0.8805970149253731,0.7611940298507462,-0.0541108838283843,-0.1486470031319896,-0.3253127919376645,-0.0360972966758277,3,25.243118291430054,22.81956449581558,0,1,0,0,1,0,0,0,0,0,0,1,0,0,0,0,0,1,0,0,0.04424938,32.4
CBOE,CBOE Holdings,Financials,111.15,35.06,0.9426963,2.27,138.54,76.75,12998295607.0,488406000.0,8.249042,5.15,12.998295607,0.488406,26.613709919616056,44.32756109402815,Large-cap,2026-04-25T14:52:57.872278,0,2023.0,13.0,,unlabeled,1.0,0.9264705882352942,0.9411764705882352,0.25,0.2352941176470588,0.1029411764705882,2.3677053708863585,-0.0596727688592751,1.87634232737214,0.0,1,23.28808407873574,20.006657587185124,0,0,0,0,1,0,0,0,0,1,0,0,0,0,0,0,0,1,0,0,0.9543636,68.2
CBG,CBRE Group,Real Estate,41.92,15.82,0.0,1.69,46.6,30.43,14440591731.0,1652961000.0,1.4622321,3.74,14.440591731,1.652961,8.736196275048231,28.942486085343223,Large-cap,2026-04-25T14:52:57.872278,0,2024.0,28.0,,unlabeled,0.4545454545454545,0.7272727272727273,0.0303030303030303,0.1212121212121212,0.5454545454545454,0.0454545454545454,-0.206537281004142,-0.1464947746795868,-2.055722477139457,0.0,3,23.39330894824185,21.22583406264552,1,0,1,0,1,0,0,0,0,0,0,0,0,0,1,0,0,1,0,0,0.99610496,82.1
CBS,CBS Corp.,Consumer Discretionary,51.8,12.05,1.3473054,2.81,70.095,52.75,20431395736.0,2841000000.0,2.1055017,6.91,20.431395736,2.841,7.19162116719465,105.47708273277604,Large-cap,2026-04-25T14:52:57.872278,0,2023.0,29.4,,unlabeled,0.1666666666666666,0.75,0.5714285714285714,0.238095238095238,0.6309523809523809,0.4880952380952381,-0.4490475148755832,-0.2064420823394605,-0.1173460141955168,0.0,2,23.7403385614551,21.76742194017045,1,0,0,1,1,0,1,0,0,0,0,0,0,0,0,0,0,1,0,0,0.99742377,77.4
CELG,Celgene Corp.,Health Care,91.02,13.27,0.0,3.58,147.17,92.85,74921079154.0,5233000000.0,5.830071,7.49,74.921079154,5.233,14.317041688133004,103.36892488954344,Large-cap,2026-04-25T14:52:57.872278,1,2019.0,74.0,Bristol-Myers Squibb,completed,0.1639344262295081,0.819672131147541,0.7213114754098361,0.4590163934426229,0.8032786885245902,0.2131147540983606,-0.3835590624927015,-0.0572261621223602,0.2635056244871272,0.0,2,25.039701118516263,22.378250564527576,0,0,0,1,1,0,0,0,0,0,1,0,0,0,0,0,0,1,0,0,0.90896344,71.6
CNC,Centene Corporation,Health Care,100.36,19.12,0.0,3.23,112.42,65.03,18012494506.0,2063000000.0,0.5028663,2.58,18.012494506,2.063,8.731214011633543,25.44840683688542,Large-cap,2026-04-25T14:52:57.872278,0,2021.5,63.0,,unlabeled,0.4262295081967213,0.180327868852459,0.0655737704918032,0.2131147540983606,0.2950819672131147,0.2131147540983606,-0.1664396895526554,-0.2531302779524603,-1.132691751219718,0.0,4,23.614331493317117,21.447427071520256,1,0,1,0,1,0,0,0,0,0,1,0,0,0,0,0,0,1,0,0,0.96157897,86.5
CNP,CenterPoint Energy,Utilities,25.85,19.73,4.2109256,1.0,30.45,25.51,11362043297.0,2337000000.0,1.6262617,3.21,11.362043297,2.337,4.861807144629867,93.1174089068826,Large-cap,2026-04-25T14:52:57.872278,0,2018.0,14.6,,unlabeled,0.7857142857142857,0.9642857142857144,0.25,0.2857142857142857,0.25,0.7142857142857143,0.6742378254287587,1.049153326929377,-0.8808821584634227,-0.320124507215101,2,23.15354410184684,21.57213389293103,1,1,0,1,1,0,0,0,0,0,0,0,0,0,0,0,1,1,0,0,0.99318826,79.8
CTL,CenturyLink Inc,Telecommunication Services,16.2,8.35,12.661196,1.16,27.61,13.161,18237196861.0,5577000000.0,1.4795984,1.39,18.237196861,5.577,3.270072953379953,78.96740258841443,Large-cap,2026-04-25T14:52:57.872278,0,2023.0,28.0,,unlabeled,0.3333333333333333,0.3333333333333333,0.6666666666666666,0.3333333333333333,0.3333333333333333,1.0,-1.134177706196584,-0.6321522468599462,-0.2587790095223516,-1.154625120631923,3,23.626729128971085,22.44191683453313,1,1,0,1,1,1,0,0,0,0,0,0,0,0,0,1,0,1,0,0,0.99562067,92.1
CERN,Cerner,Health Care,61.22,27.09,0.0,1.84,73.86,51.2617,21101697598.0,1523440000.0,5.5560412,4.62,21.101697598,1.52344,13.85134800057764,55.93341092029046,Large-cap,2026-04-25T14:52:57.872278,0,2021.5,63.0,,unlabeled,0.8032786885245902,0.6229508196721312,0.6557377049180327,0.4262295081967213,0.3934426229508196,0.2131147540983606,0.1293622595639541,-0.1717363072206061,0.1916856533819298,0.0,1,23.772619329121017,21.14423677327125,0,0,0,0,1,0,0,0,0,0,1,0,0,0,0,0,0,1,0,0,0.91902053,65.5
CF,CF Industries Holdings Inc,Materials,37.46,-53.6096,3.0395136,-1.2,43.98,25.04,9209106695.0,711000000.0,3.0044448,2.81,9.209106695,0.711,12.952330091420537,34.42449841605067,Mid-cap,2026-04-25T14:52:57.872278,0,2023.0,63.0,,unlabeled,0.04,0.28,0.6,0.6,0.08,0.92,-4.21918303280448,-0.6623754271276809,0.0835608813266406,0.0845747456154828,2,22.94345868967564,20.382182989173984,1,1,0,0,0,0,0,0,0,0,0,0,0,1,0,0,0,0,0,1,0.99252045,78.5
SCHW,Charles Schwab Corporation,Financials,48.9,29.82,0.76878726,1.61,56.25,37.16,69750188843.0,0.0,7.949615,4.51,69.750188843,0.0,13.333242399935546,38.50183342063908,Large-cap,2026-04-25T14:52:57.872278,0,2023.0,13.0,,unlabeled,0.9411764705882352,0.8970588235294118,0.9264705882352942,0.6323529411764706,0.8382352941176471,0.088235294117647,1.6730770906556331,-0.0837559689686635,1.7614693771446968,0.0,0,24.96818596508508,0.0,0,0,0,0,1,0,0,0,0,1,0,0,0,0,0,0,0,1,0,0,0.31145728,27.0
CHTR,Charter Communications,Consumer Discretionary,348.65,162.92,0.0,34.08,408.83,308.3,86708878113.0,14694000000.0,2.1208634,2.27,86.708878113,14.694,5.900971696815026,59.862727544016735,Large-cap,2026-04-25T14:52:57.872278,0,2023.0,29.4,,unlabeled,0.988095238095238,0.2142857142857142,0.5952380952380952,0.1547619047619047,0.9166666666666666,0.1309523809523809,5.076180889837352,-0.328574984816682,-0.1068598442767486,0.0,2,25.1858221158825,23.41070508421255,0,0,0,0,1,0,1,0,0,0,0,0,0,0,0,0,0,1,0,0,0.09968997,27.2
CHK,Chesapeake Energy,Energy,2.82,4.7,0.0,-6.44,6.59,2.8,2626102121.0,1470000000.0,0.4081934384,1.84,2.626102121,1.47,1.7864640278911563,99.47229551451188,Mid-cap,2026-04-25T14:52:57.872278,0,2023.0,19.75,,unlabeled,0.21875,0.3125,0.03125,0.09375,0.03125,0.0625,-0.5512217769177483,-0.529826999969255,-1.1806157369763564,-0.50813171967587,4,21.68876650087513,21.10852823841733,1,0,0,1,0,1,0,0,1,0,0,0,0,0,0,0,0,0,0,1,0.9957443,87.7
CVX,Chevron Corp.,Energy,112.3,27.52,3.885853,4.85,133.88,102.55,218978820159.0,28877000000.0,1.6489863,1.71,218.978820159,28.877,7.583156843127749,68.87966804979253,Mega-cap,2026-04-25T14:52:57.872278,0,2023.0,19.75,,none,0.5625,0.28125,0.21875,0.4375,0.96875,0.84375,-0.2025800291951588,-0.646196259323445,-0.7341930525588202,-0.2442710396206256,3,26.112240850487872,24.086311267493617,0,0,0,0,1,0,0,0,1,0,0,0,0,0,0,0,0,0,1,0,0.03119797,33.9
CMG,Chipotle Mexican Grill,Consumer Discretionary,266.01,45.86,0.0,0.8,499.0,263.0,7685283970.0,401293000.0,2.5523853,6.11,7.68528397,0.401293,19.151303336963267,98.72457627118644,Mid-cap,2026-04-25T14:52:57.872278,0,2023.0,29.4,,unlabeled,0.9523809523809524,0.7142857142857143,0.6666666666666666,0.9166666666666666,0.1071428571428571,0.1309523809523809,0.7891573791612986,-0.2274994793182918,0.1877046874527911,0.0,0,22.76257316458805,19.81020239426771,0,0,0,1,1,0,1,0,0,0,0,0,0,0,0,0,0,0,0,1,0.99593145,63.1
CB,Chubb Limited,Financials,140.39,17.5,1.9251627,8.2,157.5,130.17,68424670566.0,0.0,2.0985637,1.35,68.424670566,0.0,13.333242399935546,62.60519575557997,Large-cap,2026-04-25T14:52:57.872278,0,2023.0,13.0,,none,0.5882352941176471,0.3235294117647059,0.3529411764705882,0.6323529411764706,0.8235294117647058,0.5,0.0399052562200351,-0.2026667695087687,-0.4832431062422954,0.0,2,24.948999277349323,0.0,0,1,0,0,1,0,0,0,0,1,0,0,0,0,0,0,0,1,0,0,0.08524906,28.2
CHD,Church & Dwight,Consumer Staples,47.38,24.42,1.8366054,2.92,54.1799,43.21,11838963451.0,868000000.0,3.1682448,6.28,11.838963451,0.868,13.639358814516129,61.98689140283867,Large-cap,2026-04-25T14:52:57.872278,0,2022.0,18.7,,unlabeled,0.7941176470588235,0.5147058823529411,0.7352941176470589,0.6764705882352942,0.0588235294117647,0.2352941176470588,0.3487789429188661,-0.3146367301334243,0.1173807954490749,-0.0037753340991061,0,23.194661916286087,20.5817022737767,0,0,0,0,1,0,0,1,0,0,0,0,0,0,0,0,0,1,0,0,0.9940785,65.0
CI,CIGNA Corp.,Health Care,189.27,18.11,0.020466639,7.2,227.13,141.93,47680910480.0,0.0,1.550762,3.39,47.68091048,0.0,15.288987971795937,44.43661971830985,Large-cap,2026-04-25T14:52:57.872278,0,2021.5,63.0,,none,0.4016393442622951,0.4098360655737705,0.2622950819672131,0.9754098360655736,0.6721311475409836,0.4262295081967213,-0.2039252565046976,-0.2208120836912829,-0.858050676069276,0.0,3,24.587796955179744,0.0,1,0,0,0,1,0,0,0,0,0,1,0,0,0,0,0,0,1,0,0,0.03375879,29.6
XEC,Cimarex Energy,Energy,100.19,26.37,0.30214334,-4.64,136.31,89.49,10089082025.0,1061056000.0,7.556446,4.28,10.089082025,1.061056,9.5085292623575,77.14651858180265,Large-cap,2026-04-25T14:52:57.872278,1,2021.0,17.0,Coterra merger,completed,0.53125,0.90625,0.90625,0.5625,0.15625,0.1875,-0.2201496177087863,1.6543344832940037,1.3912414973802558,-0.1566296737434797,0,23.03471968858046,20.78253047652373,0,0,0,1,0,0,0,0,1,0,0,0,0,0,0,0,0,1,0,0,0.9970938,63.5
CINF,Cincinnati Financial,Financials,70.34,27.48,2.918904,3.55,81.98,68.24,11916533018.0,0.0,2.756679,1.6,11.916533018,0.0,13.333242399935546,84.71615720524012,Large-cap,2026-04-25T14:52:57.872278,0,2023.0,13.0,,unlabeled,0.9264705882352942,0.5073529411764706,0.4852941176470588,0.6323529411764706,0.1911764705882352,0.8676470588235294,1.3628804922319888,-0.1932592694660388,-0.2307620470832387,0.0,1,23.201192602166618,0.0,0,0,0,1,1,1,0,0,0,1,0,0,0,0,0,0,0,1,0,0,0.97033274,71.0
CTAS,Cintas Corporation,Industrials,149.32,32.75,1.0344827,4.38,169.96,113.79,16676145923.0,1097295000.0,2.7614057,6.53,16.676145923,1.097295,15.197504702928564,36.745593733309626,Large-cap,2026-04-25T14:52:57.872278,0,2023.0,76.75,,unlabeled,1.0,0.7611940298507462,0.6716417910447762,0.7761194029850746,0.4626865671641791,0.3283582089552239,2.2201654418661367,-0.1153823588307102,0.1161512041287215,0.605382975216406,0,23.53724514746637,20.816113898222955,0,0,0,0,1,0,0,0,0,0,0,1,0,0,0,0,0,1,0,0,0.9951857,64.4
CSCO,Cisco Systems,Information Technology,38.77,17.87,2.8755577,1.91,42.98,30.36,199425716482.0,15447000000.0,5.484418,3.07,199.425716482,15.447,12.91032022282644,33.35974643423133,Large-cap,2026-04-25T14:52:57.872278,0,2020.0,27.5,,none,0.3428571428571428,0.1571428571428571,0.5714285714285714,0.3571428571428571,0.8857142857142857,0.8857142857142857,-0.3832726357907264,-0.3080614481909012,-0.0820271124890029,-0.312685066088618,3,26.01870765548129,23.460680646743263,0,1,0,0,1,0,0,0,0,0,0,0,1,0,0,0,0,1,0,0,0.013468656,31.9
C,Citigroup Inc.,Financials,71.87,13.48,1.7068943,-3.1,80.7,56.14,192709302000.0,0.0,2.1857586,0.9,192.709302,0.0,13.333242399935546,35.95276872964168,Large-cap,2026-04-25T14:52:57.872278,0,2023.0,13.0,,none,0.2794117647058823,0.088235294117647,0.3970588235294117,0.6323529411764706,0.9411764705882352,0.3823529411764705,-0.4929965923539179,-0.2196002695856824,-0.4497914288458451,0.0,3,25.984448683132143,0.0,0,0,0,0,0,0,0,0,0,1,0,0,0,0,0,0,0,1,0,0,0.028278276,31.5
CFG,Citizens Financial Group,Financials,42.19,16.04,1.9625335,3.27,48.23,31.51,22008050974.0,0.0,3.3917346,1.08,22.008050974,0.0,13.333242399935546,36.1244019138756,Large-cap,2026-04-25T14:52:57.872278,0,2023.0,13.0,,unlabeled,0.4705882352941176,0.1764705882352941,0.6617647058823529,0.6323529411764706,0.4264705882352941,0.5294117647058824,-0.1536362111724952,-0.2128268695549169,0.0128723290099628,0.0,2,23.8146741767692,0.0,1,1,0,0,1,1,0,0,0,1,0,0,0,0,0,0,0,1,0,0,0.98786676,77.5
CTXS,Citrix Systems,Information Technology,84.53,20.37,0.0,-0.24,95.0,73.3346,13199167493.0,810268000.0,4.7538714,6.73,13.199167493,0.810268,16.289878772208702,48.32590212966294,Large-cap,2026-04-25T14:52:57.872278,0,2020.0,27.5,,unlabeled,0.4142857142857143,0.5714285714285714,0.5142857142857142,0.5571428571428572,0.2142857142857142,0.1714285714285714,-0.3197001493441159,-0.1583923912042474,-0.2656851560420085,-0.1422967682415283,1,23.303419595913464,20.51287561633896,0,0,0,0,0,0,0,0,0,0,0,0,1,0,0,0,0,1,0,0,0.8993876,64.2
CME,CME Group Inc.,Financials,153.04,32.15,3.6828613,11.94,163.0,114.8176,54423298745.0,2851800000.0,14.881806,2.51,54.423298745,2.8518,19.0838413440634,20.67144849571629,Large-cap,2026-04-25T14:52:57.872278,0,2023.0,13.0,,none,0.9705882352941176,0.7647058823529411,1.0,0.2205882352941176,0.7941176470588235,0.9411764705882352,1.9819480625902877,-0.1590159693105022,4.420953096749575,0.0,1,24.7200581848922,21.771216211162947,0,0,1,0,1,0,0,0,0,1,0,0,0,0,0,0,0,1,0,0,0.064754516,22.5
CMS,CMS Energy,Utilities,41.77,21.42,3.3918407,1.99,50.85,41.07,11873960824.0,2099000000.0,2.4711676,2.65,11.873960824,2.099,5.656960849928537,92.84253578732104,Large-cap,2026-04-25T14:52:57.872278,0,2018.0,14.6,,unlabeled,0.9285714285714286,0.8571428571428571,0.4285714285714285,0.5714285714285714,0.2857142857142857,0.3214285714285714,1.0693943017637708,0.5165950826350215,-0.084726006357026,-0.0350020895674214,1,23.197613673564256,21.464726878261324,0,1,0,1,1,0,0,0,0,0,0,0,0,0,0,0,1,1,0,0,0.98897505,72.5
KO,Coca-Cola Company (The),Consumer Staples,43.1,22.8,3.3213644,1.49,48.615,40.22,189855335601.0,8589000000.0,6.822138,8.65,189.855335601,8.589,22.10447497974153,65.69386539606907,Large-cap,2026-04-25T14:52:57.872278,0,2022.0,18.7,,none,0.6176470588235294,0.6470588235294118,0.9705882352941176,0.9411764705882352,0.9411764705882352,0.7941176470588235,0.1187927801513435,-0.2696985048130477,1.5723788922258888,0.8524779904002249,0,25.969528227532702,22.873748151846925,0,1,0,0,1,0,0,1,0,0,0,0,0,0,0,0,0,1,0,0,0.02177404,14.0
CTSH,Cognizant Technology Solutions,Information Technology,75.16,22.44,1.0454783,2.54,79.28,54.76,45119684067.0,2946000000.0,3.9678397,3.94,45.119684067,2.946,15.315575039714869,16.80261011419251,Large-cap,2026-04-25T14:52:57.872278,0,2020.0,27.5,,unlabeled,0.4714285714285714,0.3142857142857143,0.4,0.5285714285714286,0.6571428571428571,0.5,-0.2670621305663224,-0.2724843772678442,-0.4632920495552261,-0.1914185550488717,3,24.532584442072693,21.803714155326293,1,0,1,0,1,0,0,0,0,0,0,0,1,0,0,0,0,1,0,0,0.04156469,31.0
CL,Colgate-Palmolive,Consumer Staples,68.95,24.02,2.2801766,2.28,77.91,66.26,61616643498.0,4064000000.0,4.000737,205.0419999999998,61.616643498,4.064,15.161575663877953,76.9098712446352,Large-cap,2026-04-25T14:52:57.872278,1,2023.0,18.7,,rumoured,0.7647058823529411,0.9852941176470588,0.8235294117647058,0.8529411764705882,0.6764705882352942,0.4411764705882353,0.2919922360626874,3.4541445108491438,0.4488832505787275,0.1501981273909233,0,24.84419785766412,22.125433547468656,0,0,0,1,1,0,0,1,0,0,0,0,0,0,0,0,0,1,0,0,0.9280793,62.4
CMCSA,Comcast Corp.,Consumer Discretionary,38.19,18.54,1.8929017,4.74,44.0,34.78,186476996883.0,28675000000.0,2.1797748,2.65,186.476996883,28.675,6.503121077000872,63.01518438177878,Large-cap,2026-04-25T14:52:57.872278,0,2023.0,29.4,,unlabeled,0.4880952380952381,0.2976190476190476,0.6071428571428571,0.2023809523809523,0.9761904761904762,0.6428571428571429,-0.2113678413381872,-0.3185727212517372,-0.0666458737817827,0.0,3,25.951573727318586,24.07929149999672,0,1,0,0,1,0,1,0,0,0,0,0,0,0,0,0,0,1,0,0,0.03208537,31.9
CMA,Comerica Inc.,Financials,89.18,18.89,1.2823253,4.13,98.18,64.04,16274969256.0,0.0,4.905472,1.96,16.274969256,0.0,13.333242399935546,26.36203866432337,Large-cap,2026-04-25T14:52:57.872278,1,2023.0,13.0,,rumoured,0.6911764705882353,0.6470588235294118,0.8676470588235294,0.6323529411764706,0.3088235294117647,0.1911764705882352,0.224167338189636,-0.1797124694045079,0.593606467907321,0.0,0,23.512894136068446,0.0,0,0,1,0,1,1,0,0,0,1,0,0,0,0,0,0,0,1,0,0,0.98999447,64.3
CAG,Conagra Brands,Consumer Staples,35.49,18.2,2.3683476,1.46,41.68,32.16,14379717835.0,1281200000.0,1.8294994,3.86,14.379717835,1.2812,11.223632403215737,65.02100840336131,Large-cap,2026-04-25T14:52:57.872278,0,2022.0,18.7,,unlabeled,0.3529411764705882,0.3529411764705882,0.2941176470588235,0.4117647058823529,0.2352941176470588,0.5,-0.5342543486947077,-0.3605230192791254,-0.4157141535408722,-0.2481280081065894,4,23.389084567071837,20.9710629764798,1,1,0,0,1,0,0,1,0,0,0,0,0,0,0,0,0,1,0,0,0.99677116,90.7
CXO,Concho Resources,Energy,140.09,84.39,0.0,-11.04,162.91,106.73,22021882339.0,2151190000.0,12.271951,2.61,22.021882339,2.15119,10.23706987248918,40.6194375222499,Large-cap,2026-04-25T14:52:57.872278,1,2021.0,9.7,ConocoPhillips,completed,0.84375,0.65625,1.0,0.59375,0.53125,0.0625,0.6662743175613557,0.159437074667101,3.0878247592873085,-0.1234671055404652,0,23.81530244778456,21.48928701480474,0,0,0,0,0,0,0,0,1,0,0,0,0,0,0,0,0,1,0,0,0.99102205,63.2
COP,ConocoPhillips,Energy,53.24,72.93,2.049254,-0.65,61.315,42.265,65482462410.0,5328000000.0,2.0764177,2.16,65.48246241,5.328,12.290251953828829,42.38845144356954,Large-cap,2026-04-25T14:52:57.872278,0,2023.0,19.75,,unlabeled,0.8125,0.46875,0.375,0.71875,0.90625,0.53125,0.4911895485472947,-0.2433795923281718,-0.5804082598688541,-0.0300079491684865,2,24.905048194285957,22.396241770372185,0,0,0,0,0,0,0,0,1,0,0,0,0,0,0,0,0,1,0,0,0.6850725,61.3
ED,Consolidated Edison,Utilities,74.73,18.64,3.8001595,4.1,89.7,72.63,23335777662.0,4288000000.0,2.960244,1.58,23.335777662,4.288,5.442112327891791,87.69771528998238,Large-cap,2026-04-25T14:52:57.872278,0,2018.0,14.6,,unlabeled,0.6071428571428571,0.2142857142857142,0.6785714285714286,0.4642857142857143,0.7142857142857143,0.5714285714285714,0.4193735892126859,-0.5009715627131213,0.3761314509172681,-0.112041446389809,2,23.873253541826745,22.17908626094812,1,1,0,1,1,1,0,0,0,0,0,0,0,0,0,0,1,1,0,0,0.9381711,76.6
STZ,Constellation Brands,Consumer Staples,208.73,30.92,0.9712818,8.71,229.5,152.01,41697453163.0,3033300000.0,5.145596,5.14,41.697453163,3.0333,13.746564191804303,26.803458510775595,Large-cap,2026-04-25T14:52:57.872278,1,2023.0,18.7,,rumoured,0.9117647058823528,0.4411764705882353,0.9411764705882352,0.7058823529411765,0.6176470588235294,0.0588235294117647,1.2715629293317643,-0.3362525853508207,0.9047716892659357,0.0070685762401633,1,24.453705888682165,21.83291697305941,0,0,1,0,1,0,0,1,0,0,0,0,0,0,0,0,0,1,0,0,0.96107197,69.0
GLW,Corning Inc.,Information Technology,28.45,16.45,2.0791416,-0.78,35.1,26.31,25759280346.0,2970000000.0,2.544682,1.71,25.759280346,2.97,8.673158365656565,75.65415244596132,Large-cap,2026-04-25T14:52:57.872278,0,2020.0,27.5,,unlabeled,0.2642857142857143,0.0571428571428571,0.2,0.1571428571428571,0.4857142857142857,0.7571428571428571,-0.4193818080924011,-0.3636761797487836,-0.8210712231895917,-0.5263114276374522,4,23.97206080095226,21.81182779009772,1,1,0,1,0,1,0,0,0,0,0,0,1,0,0,0,0,1,0,0,0.898488,85.2
COST,Costco Wholesale Corp.,Consumer Staples,178.61,30.69,1.0917627,6.09,199.88,150.0,80439804508.0,5679000000.0,0.61203885,7.24,80.439804508,5.679,14.164431151259024,42.642341619887695,Large-cap,2026-04-25T14:52:57.872278,0,2022.0,18.7,,none,0.8823529411764706,0.5588235294117647,0.1470588235294117,0.7647058823529411,0.7941176470588235,0.088235294117647,1.2389105728894618,-0.2964339046871959,-0.9005128836052467,0.0493361560639783,1,25.110774971576895,22.4600409980178,0,0,0,0,1,0,0,1,0,0,0,0,0,0,0,0,0,1,0,0,0.04820483,19.2
COTY,"Coty, Inc",Consumer Staples,19.96,24.64,2.860412,-0.63,21.175,14.24,13101112504.0,211400000.0,2.0061796,1.37,13.101112504,0.2114,61.973096045411545,17.51982696467195,Large-cap,2026-04-25T14:52:57.872278,0,2022.0,18.7,,unlabeled,0.8235294117647058,0.088235294117647,0.3529411764705882,1.0,0.1176470588235294,0.7058823529411765,0.380011631689764,-0.4077365977802805,-0.3453592360139597,4.885221152380806,2,23.29596298759348,19.16926263613078,1,0,1,0,0,1,0,1,0,0,0,0,0,0,0,0,0,1,0,0,0.98535186,78.1
CCI,Crown Castle International Corp.,Real Estate,103.81,21.45,3.862069,1.02,114.97,86.93,44183023189.0,2292600000.0,10.125291,3.54,44.183023189,2.2926,19.272015697897583,39.80028530670471,Large-cap,2026-04-25T14:52:57.872278,0,2024.0,28.0,,none,0.9090909090909092,0.6666666666666666,0.4848484848484848,0.8787878787878788,0.9393939393939394,0.5757575757575758,-0.0313920829679032,-0.159431160990602,0.0454613369353831,0.0,1,24.511606461524348,21.55295238208137,0,1,0,0,1,0,0,0,0,0,0,0,0,0,1,0,0,1,0,0,0.020038877,20.2
CSRA,CSRA Inc.,Information Technology,30.85,15.12,1.275917,1.83,33.79,27.38,5134501276.0,543000000.0,1.3324839,11.37,5.134501276,0.543,9.455803454880296,45.8658346333853,Mid-cap,2026-04-25T14:52:57.872278,0,2020.0,27.5,,unlabeled,0.2142857142857142,0.8,0.0714285714285714,0.2142857142857142,0.0142857142857142,0.5714285714285714,-0.453202370881998,0.0313519870520568,-1.1258155494853692,-0.4868525567161034,3,22.3592485533123,20.11261987973983,1,0,0,0,1,0,0,0,0,0,0,0,1,0,0,0,0,0,0,1,0.9913697,82.7
CSX,CSX Corp.,Industrials,50.47,21.94,1.5102888,6.07,60.04,45.41,47340511707.0,5003000000.0,4.216355,4.27,47.340511707,5.003,9.46242488646812,65.41353383458646,Large-cap,2026-04-25T14:52:57.872278,0,2023.0,76.75,,unlabeled,0.5223880597014925,0.4626865671641791,0.8507462686567164,0.2985074626865671,0.7761194029850746,0.5373134328358209,0.0879081061542748,-0.2117645333446737,1.0150332088507563,-0.3351355545630795,2,24.5806322501838,22.33330356965236,1,0,0,0,1,0,0,0,0,0,0,1,0,0,0,0,0,1,0,0,0.2488038,36.7
CMI,Cummins Inc.,Industrials,165.73,16.83,2.5008683,8.23,194.18,143.8301,28669230787.0,2924000000.0,1.9406168,3.89,28.669230787,2.924,9.804798490766071,56.50458094256396,Large-cap,2026-04-25T14:52:57.872278,0,2023.0,76.75,,unlabeled,0.1641791044776119,0.417910447761194,0.4328358208955223,0.3283582089552239,0.6567164179104478,0.8955223880597015,-0.9200322255282064,-0.227970385696579,-0.3909402607667178,-0.2789883466331385,4,24.07909028662477,21.79621837917594,1,1,0,0,1,0,0,0,0,0,0,1,0,0,0,0,0,1,0,0,0.95209074,88.6
CVS,CVS Health,Consumer Staples,70.55,12.36,2.6899798,4.91,84.0,66.45,75323141722.0,11704000000.0,0.549852,2.13,75.323141722,11.704,6.435675130041012,76.63817663817667,Large-cap,2026-04-25T14:52:57.872278,0,2022.0,18.7,,none,0.0294117647058823,0.1764705882352941,0.088235294117647,0.1176470588235294,0.7647058823529411,0.6470588235294118,-1.3633402687949117,-0.3933260276353497,-0.9252759906370956,-0.7324337462319735,4,25.045053251535663,23.18319650074968,0,1,0,1,1,0,0,1,0,0,0,0,0,0,0,0,0,1,0,0,0.08057511,41.3
DHI,D. R. Horton,Consumer Discretionary,44.55,16.32,1.0801469,2.73,53.32,29.3716,17390873686.0,1691000000.0,1.1931022,2.17,17.390873686,1.691,10.28437237492608,36.62040052780146,Large-cap,2026-04-25T14:52:57.872278,0,2023.0,29.4,,unlabeled,0.4047619047619047,0.2023809523809523,0.238095238095238,0.4880952380952381,0.5595238095238095,0.3928571428571428,-0.2926696711152317,-0.331207159439036,-0.7401661572004634,0.0,4,23.57921140482113,21.24858590745422,1,0,0,0,1,0,1,0,0,0,0,0,0,0,0,0,0,1,0,0,0.9675368,87.9
DHR,Danaher Corp.,Health Care,92.16,22.87,0.5879265,3.53,104.82,78.97,66351150000.0,4339800000.0,3.688278,2.65,66.35115,4.3398,15.288987971795937,48.97485493230174,Large-cap,2026-04-25T14:52:57.872278,0,2021.5,63.0,,none,0.7049180327868853,0.2049180327868852,0.3934426229508196,0.4754098360655737,0.7704918032786885,0.5081967213114754,-0.0272606043346772,-0.2503373475842104,-0.2978330013605506,0.0,3,24.918226929918056,22.19109410127799,0,0,0,0,1,0,0,0,0,0,1,0,0,0,0,0,0,1,0,0,0.014079153,29.2
DRI,Darden Restaurants,Consumer Discretionary,91.33,22.72,2.6503997,3.81,100.11,71.7,11745595320.0,997600000.0,1.5278828,5.89,11.74559532,0.9976,11.773852566158782,30.904611052446327,Large-cap,2026-04-25T14:52:57.872278,0,2023.0,29.4,,unlabeled,0.6904761904761905,0.6904761904761905,0.3214285714285714,0.6547619047619048,0.3571428571428571,0.8095238095238095,-0.058286017703932,-0.2332902634874704,-0.5116389592271176,0.0,1,23.186744140958773,20.720862953332507,0,1,0,0,1,0,1,0,0,0,0,0,0,0,0,0,0,1,0,0,0.98150486,71.3
DVA,DaVita Inc.,Health Care,71.91,20.55,0.0,4.3,80.71,52.51,13685178000.0,2252294000.0,1.1451397,2.79,13.685178,2.252294,6.076106405291672,31.20567375886524,Large-cap,2026-04-25T14:52:57.872278,1,2023.0,63.0,,rumoured,0.5409836065573771,0.2786885245901639,0.1967213114754098,0.1311475409836065,0.2131147540983606,0.2131147540983606,-0.1133660650561998,-0.2447514868477106,-0.9643594857885972,0.0,3,23.33957918636944,21.535215089768524,1,0,0,0,1,0,0,0,0,0,1,0,0,0,0,0,0,1,0,0,0.9883336,81.6
DE,Deere & Co.,Industrials,153.66,23.14,1.4866204,6.64,171.96,106.72,52186628646.0,4053300000.0,2.3746448,5.31,52.186628646,4.0533,12.875096500629118,28.05027590435317,Large-cap,2026-04-25T14:52:57.872278,0,2023.0,76.75,,none,0.6194029850746269,0.6194029850746269,0.6119402985074627,0.5970149253731343,0.7910447761194029,0.5223880597014925,0.3246064227920393,-0.1674116742763011,-0.1227934884046186,0.2245220250853629,0,24.678092142833663,22.12279720134501,0,0,1,0,1,0,0,0,0,0,0,1,0,0,0,0,0,1,0,0,0.08314326,15.1
DAL,Delta Air Lines Inc.,Industrials,51.23,10.37,2.2655525,4.94,60.79,43.81,38393603535.0,8348000000.0,0.91792434,2.67,38.393603535,8.348,4.599137941423096,56.301531213192014,Large-cap,2026-04-25T14:52:57.872278,0,2023.0,76.75,,unlabeled,0.0597014925373134,0.208955223880597,0.0895522388059701,0.0597014925373134,0.7313432835820896,0.8507462686567164,-2.194258163428172,-0.2799997011421699,-1.022769733215627,-1.1326853069347012,4,24.37115670808167,22.845287826281155,1,1,0,0,1,0,0,0,0,0,0,1,0,0,0,0,0,1,0,0,0.31757152,53.6
XRAY,Dentsply Sirona,Health Care,56.85,22.65,0.60034305,1.99,68.98,52.535,13390513478.0,-411100000.0,4.626262,1.8,13.390513478,-0.4111,-25.20615748198214,73.76102158710852,Large-cap,2026-04-25T14:52:57.872278,0,2021.5,63.0,,unlabeled,0.6885245901639344,0.0655737704918032,0.5245901639344263,0.0245901639344262,0.180327868852459,0.5245901639344263,-0.035425777334132,-0.2842515020558163,-0.051998483446304,0.0,2,23.317812343860457,0.0,1,0,0,1,1,1,0,0,0,0,1,0,0,0,0,0,0,1,0,0,0.9667273,74.8
DVN,Devon Energy Corp.,Energy,34.94,23.93,0.6528836,-6.89,47.25,28.7947,19317380000.0,3723000000.0,2.0660408,2.85,19.31738,3.723,5.188659683051303,66.70170628491545,Large-cap,2026-04-25T14:52:57.872278,1,2021.0,5.7,WPX merger,completed,0.46875,0.75,0.34375,0.1875,0.46875,0.3125,-0.2574277011637871,0.3742726303979135,-0.5841417464944612,-0.353266577108381,3,23.68427104582053,22.037795632105592,1,0,0,0,0,0,0,0,1,0,0,0,0,0,0,0,0,1,0,0,0.991165,82.6
DLR,Digital Realty Trust Inc,Real Estate,98.96,16.55,3.5710857,2.19,127.23,101.101,21400952517.0,1260662000.0,12.434961,2.32,21.400952517,1.260662,16.975963832494354,108.19396073328488,Large-cap,2026-04-25T14:52:57.872278,0,2024.0,28.0,,unlabeled,0.5151515151515151,0.5151515151515151,0.7272727272727273,0.7575757575757576,0.7575757575757576,0.3636363636363636,-0.1838275128751093,-0.2383431174877945,0.6056608318105977,0.0,0,23.786701268170585,20.95490281755584,0,1,0,1,1,0,0,0,0,0,0,0,0,0,1,0,0,1,0,0,0.87857705,60.6
DFS,Discover Financial Services,Financials,72.4,12.13,1.8269607,5.41,81.93,57.5,27433540000.0,0.0,2.3610325,2.52,27.43354,0.0,13.333242399935546,39.00941465411379,Large-cap,2026-04-25T14:52:57.872278,0,2023.0,13.0,,unlabeled,0.1470588235294117,0.7794117647058824,0.4558823529411764,0.6323529411764706,0.5147058823529411,0.4558823529411764,-0.6719561683675589,-0.158639669308793,-0.3825488956378518,0.0,2,24.035032189383735,0.0,1,1,0,0,1,0,0,0,0,1,0,0,0,0,0,0,0,1,0,0,0.9331683,74.4
DISCA,Discovery Communications-A,Consumer Discretionary,22.87,11.0,0.0,1.96,30.25,15.99,8763756733.0,2100000000.0,1.804088,1.5,8.763756733,2.1,4.1732174919047615,51.7531556802244,Mid-cap,2026-04-25T14:52:57.872278,1,2022.0,43.0,Warner merger,completed,0.1428571428571428,0.0952380952380952,0.5,0.0952380952380952,0.2261904761904762,0.1309523809523809,-0.4875010830133746,-0.3488427294088072,-0.3230963721666141,0.0,3,22.89389050087768,21.465203182151978,1,0,0,0,1,1,1,0,0,0,0,0,0,0,0,0,0,0,0,1,0.9925579,81.7
DISCK,Discovery Communications-C,Consumer Discretionary,21.58,10.37,0.0,1.96,29.18,14.99,8320262123.0,2100000000.0,1.7147918,1.43,8.320262123,2.1,3.9620295823809526,53.55884425651869,Mid-cap,2026-04-25T14:52:57.872278,0,2023.0,29.4,,unlabeled,0.1309523809523809,0.0833333333333333,0.4642857142857143,0.0714285714285714,0.1904761904761904,0.1309523809523809,-0.5105732238960495,-0.3506852516444549,-0.3840515481107024,0.0,4,22.84195959657171,21.465203182151978,1,0,0,0,1,1,1,0,0,0,0,0,0,0,0,0,0,0,0,1,0.9925579,87.9
DISH,Dish Network,Consumer Discretionary,43.77,16.09,0.0,3.06,66.5,42.48,21032719056.0,2754331000.0,1.8521843,3.76,21.032719056,2.754331,7.636235098831622,94.6294754371357,Large-cap,2026-04-25T14:52:57.872278,1,2024.0,29.4,EchoStar/DISH merger,completed,0.369047619047619,0.4523809523809524,0.5238095238095238,0.2738095238095238,0.6547619047619048,0.1309523809523809,-0.3010928336597003,-0.2893555829436088,-0.2902649814830277,0.0,3,23.76934511250201,21.73644041921011,1,0,0,1,1,0,1,0,0,0,0,0,0,0,0,0,0,1,0,0,0.9876281,81.7
DG,Dollar General,Consumer Discretionary,95.1,21.18,1.0625255,4.43,105.82,65.97,26580644874.0,2457604000.0,1.5283886,4.53,26.580644874,2.457604,10.81567448376549,26.900878293601004,Large-cap,2026-04-25T14:52:57.872278,0,2023.0,29.4,,unlabeled,0.6428571428571429,0.6309523809523809,0.3333333333333333,0.5833333333333334,0.7261904761904762,0.3809523809523809,-0.114684584306026,-0.2690878383514836,-0.5112936911418853,0.0,1,24.003449151600105,21.62245272892737,0,0,1,0,1,0,1,0,0,0,0,0,0,0,0,0,0,1,0,0,0.6913248,54.1
DLTR,Dollar Tree,Consumer Discretionary,101.58,26.66,0.0,3.77,116.65,65.63,25151198417.0,2430300000.0,1.6097589,4.08,25.151198417,2.4303,10.349009758877504,29.537436299490405,Large-cap,2026-04-25T14:52:57.872278,0,2023.0,29.4,,unlabeled,0.7857142857142857,0.5476190476190477,0.4166666666666667,0.5,0.7023809523809523,0.1309523809523809,0.0860064189273993,-0.2809326241520762,-0.455748875650036,0.0,1,23.948171383172006,21.6112805438803,0,0,1,0,1,0,1,0,0,0,0,0,0,0,0,0,0,1,0,0,0.700683,53.5
D,Dominion Energy,Utilities,73.31,20.42,4.5281997,4.91,85.3,71.59,47543571860.0,6428000000.0,3.7954214,2.96,47.54357186,6.428,7.396324184816428,87.454412837345,Large-cap,2026-04-25T14:52:57.872278,0,2018.0,14.6,,unlabeled,0.8928571428571429,0.9285714285714286,0.9285714285714286,0.8571428571428571,0.9285714285714286,0.75,0.835573901565539,0.8114041107265396,1.163120422245584,0.5886905071044228,0,24.58491242985917,22.58392928497725,0,1,0,1,1,0,0,0,0,0,0,0,0,0,0,0,1,1,0,0,0.066461995,17.1
DOV,Dover Corp.,Industrials,96.2,23.87,1.8815053,5.15,109.06,75.51,15566645713.0,1513291000.0,1.986176,3.59,15.566645713,1.513291,10.286617519697137,38.33084947839047,Large-cap,2026-04-25T14:52:57.872278,0,2023.0,76.75,,unlabeled,0.6716417910447762,0.373134328358209,0.4477611940298507,0.373134328358209,0.417910447761194,0.6268656716417911,0.4685978987466794,-0.2407644796586096,-0.362793338375998,-0.1999729293743593,3,23.46839636695653,21.13755258703282,1,0,0,0,1,0,0,0,0,0,0,1,0,0,0,0,0,1,0,0,0.98542136,83.4
DWDP,DowDuPont,Materials,68.21,49.43,2.1529746,1.59,77.08,64.01,165203312427.0,5250000000.0,2.6922395,1.54,165.203312427,5.25,31.467297605142857,67.86534047436885,Large-cap,2026-04-25T14:52:57.872278,1,2019.0,63.0,DuPont split (3 cos),completed,1.0,0.08,0.56,1.0,1.0,0.68,1.6252344451655796,-1.0874900382314583,-0.1196948936405569,3.3661030606062603,1,25.83044274884922,22.38149391374042,0,0,0,0,1,0,0,0,0,0,0,0,0,1,0,0,0,1,0,0,0.80147535,61.9
DPS,Dr Pepper Snapple Group,Consumer Staples,116.93,26.57,1.9661016,4.54,126.65,83.23,21209783858.0,1507000000.0,4.2149186,9.99,21.209783858,1.507,14.074176415394824,22.385997236296635,Large-cap,2026-04-25T14:52:57.872278,1,2018.0,18.7,Keurig Dr Pepper,completed,0.8529411764705882,0.7058823529411765,0.8529411764705882,0.7352941176470589,0.3529411764705882,0.2647058823529412,0.6540074922708246,-0.2442903942943538,0.5341714085261499,0.0402068167699708,0,23.77772841494774,21.13338675725434,0,0,1,0,1,0,0,1,0,0,0,0,0,0,0,0,0,1,0,0,0.9924023,65.2
DTE,DTE Energy Co.,Utilities,98.49,19.12,3.5559585,4.82,116.74,96.56,17808073691.0,2790000000.0,1.9091922,1.95,17.808073691,2.79,6.382822111469534,90.43607532210112,Large-cap,2026-04-25T14:52:57.872278,0,2018.0,14.6,,unlabeled,0.6428571428571429,0.5892857142857143,0.3214285714285714,0.6071428571428571,0.4642857142857143,0.3928571428571428,0.5316073813078374,-0.1491027227329223,-0.6142763054405725,0.2252737745683397,1,23.6029177696112,21.749307433138107,0,1,0,1,1,1,0,0,0,0,0,0,0,0,0,0,1,1,0,0,0.9726778,71.9
DUK,Duke Energy,Utilities,74.32,16.7,4.7849464,3.12,91.8,72.93,52078185682.0,9895000000.0,2.9348857,1.27,52.078185682,9.895,5.263080917837292,92.63381028086918,Large-cap,2026-04-25T14:52:57.872278,0,2018.0,14.6,,none,0.4285714285714285,0.1428571428571428,0.6428571428571429,0.3571428571428571,0.9642857142857144,0.8214285714285714,-0.0342379871718841,-0.7957805908046394,0.3522362851337655,-0.1762376742756343,3,24.67601199712392,23.015295416102003,0,1,0,1,1,0,0,0,0,0,0,0,0,0,0,0,1,1,0,0,0.07183589,36.5
DRE,Duke Realty Corp,Real Estate,24.52,19.77,3.1533308,0.88,30.14,24.73,9035293365.0,529483000.0,16.077257,1.94,9.035293365,0.529483,17.064369139330253,103.88170055452863,Mid-cap,2026-04-25T14:52:57.872278,0,2024.0,28.0,,unlabeled,0.8181818181818182,0.2424242424242424,0.9393939393939394,0.7878787878787878,0.1818181818181818,0.2424242424242424,-0.0836556589360881,-0.2629222514787234,1.4890824372286946,0.0,1,22.92440423041366,20.08741161861882,0,1,0,1,1,1,0,0,0,0,0,0,0,0,1,0,0,0,0,1,0.9894964,72.2
DXC,DXC Technology,Information Technology,91.92,79.93,0.7493755,-0.89,102.95,67.76,27408621020.0,1628000000.0,1.9598055,2.26,27.40862102,1.628,16.835762297297297,31.34413185564081,Large-cap,2026-04-25T14:52:57.872278,0,2020.0,27.5,,unlabeled,0.9428571428571428,0.1285714285714285,0.1428571428571428,0.6142857142857143,0.5285714285714286,0.4285714285714285,1.1948507677599325,-0.3411849280158165,-0.9681080771153092,-0.1147747817739122,2,24.034123436655893,21.21061810514101,1,0,0,0,0,0,0,0,0,0,0,0,1,0,0,0,0,1,0,0,0.61574876,55.9
ETFC,E*Trade,Financials,48.48,22.14,0.0,2.15,56.0,32.25,13754977266.0,0.0,5.689136,2.15,13.754977266,0.0,13.333242399935546,31.66315789473685,Large-cap,2026-04-25T14:52:57.872278,1,2020.0,13.0,Morgan Stanley,completed,0.8088235294117647,0.7058823529411765,0.8823529411764706,0.6323529411764706,0.2794117647058823,0.0294117647058823,0.6549959471113643,-0.1725627693720332,0.8942533556864429,0.0,0,23.34466657861348,0.0,0,0,0,0,1,0,0,0,0,1,0,0,0,0,0,0,0,1,0,0,0.9827187,62.6
EMN,Eastman Chemical,Materials,93.57,12.28,2.2630835,10.12,104.08,76.02,14226830813.0,2152000000.0,1.4904785,2.78,14.226830813,2.152,6.610980861059479,37.45545260156808,Large-cap,2026-04-25T14:52:57.872278,1,2023.0,63.0,,rumoured,0.12,0.24,0.2,0.12,0.44,0.76,-0.4819176527325848,-0.6724175045553293,-0.902080277169774,-1.0393438915223905,4,23.37839551264904,21.489663479710632,1,1,0,0,1,0,0,0,0,0,0,0,0,1,0,0,0,1,0,0,0.98706925,90.1
ETN,Eaton Corporation,Industrials,79.41,17.08,2.9404557,6.68,89.85,69.45,35961772000.0,4253000000.0,1.8161736,2.17,35.961772,4.253,8.455624735480837,51.1764705882353,Large-cap,2026-04-25T14:52:57.872278,0,2023.0,76.75,,none,0.1791044776119403,0.1044776119402985,0.3582089552238806,0.2238805970149253,0.7164179104477612,0.9552238805970148,-0.8707200762286722,-0.3013231910788875,-0.4678224951442491,-0.5002447122544081,4,24.305722322337985,22.17089045345304,1,1,0,0,1,0,0,0,0,0,0,1,0,0,0,0,0,1,0,0,0.10450283,42.6
EBAY,eBay Inc.,Information Technology,41.02,24.86,0.0,-1.07,46.99,31.89,44216696399.0,2941000000.0,4.6720185,3.8,44.216696399,2.941,15.034578850391023,39.5364238410596,Large-cap,2026-04-25T14:52:57.872278,0,2020.0,27.5,,unlabeled,0.5,0.2857142857142857,0.4714285714285714,0.5142857142857142,0.6428571428571429,0.1714285714285714,-0.2055239636860035,-0.2782094231635086,-0.2862628214135808,-0.2055856309260333,2,24.51236830130811,21.80201549685829,1,0,0,0,0,0,0,0,0,0,0,0,1,0,0,0,0,1,0,0,0.10133978,27.0
ECL,Ecolab Inc.,Materials,127.76,28.08,1.2319711,4.14,140.5,119.61,38460272282.0,2848600000.0,3.7360687,5.28,38.460272282,2.8486,13.501464678087482,60.986117759693606,Large-cap,2026-04-25T14:52:57.872278,0,2023.0,63.0,,unlabeled,0.84,0.68,0.72,0.68,0.84,0.4,0.4142600901150866,0.1644222810820279,0.55987176643661,0.1819014459487558,0,24.37289165672317,21.77009348281581,0,0,0,0,1,0,0,0,0,0,0,0,0,1,0,0,0,1,0,0,0.30911288,27.1
EIX,Edison Int'l,Utilities,58.07,13.23,4.0542803,3.96,83.38,58.76,19447670886.0,4284000000.0,2.161095,1.59,19.447670886,4.284,4.539605715686275,102.8025995125914,Large-cap,2026-04-25T14:52:57.872278,0,2018.0,14.6,,unlabeled,0.25,0.25,0.3571428571428571,0.25,0.5714285714285714,0.6785714285714286,-0.8455947758597484,-0.4914615940650077,-0.3769079026955718,-0.4356579566321892,4,23.69099315110005,22.17815298976534,1,1,0,1,1,1,0,0,0,0,0,0,0,0,0,0,1,1,0,0,0.984469,91.8
EW,Edwards Lifesciences,Health Care,123.78,32.57,0.0,2.88,138.48,89.2,27447099863.0,1156700000.0,7.8283277,8.48,27.447099863,1.1567,23.728797322555547,29.829545454545443,Large-cap,2026-04-25T14:52:57.872278,0,2021.5,63.0,,unlabeled,0.8852459016393442,0.8360655737704918,0.8360655737704918,0.7868852459016393,0.4754098360655737,0.2131147540983606,0.3327492960958262,-0.0177261469142545,0.7872250829356865,0.0,0,24.03552634773573,20.86883696113016,0,0,1,0,1,0,0,0,0,0,1,0,0,0,0,0,0,1,0,0,0.9702238,62.1
EA,Electronic Arts,Information Technology,116.54,34.48,0.0,3.07,131.01,81.27,37890226992.0,1560000000.0,7.4415817,8.54,37.890226992,1.56,24.28860704615385,29.09127462806592,Large-cap,2026-04-25T14:52:57.872278,0,2020.0,27.5,,unlabeled,0.7857142857142857,0.6714285714285714,0.7857142857142857,0.8428571428571429,0.6142857142857143,0.1714285714285714,0.0391029641605535,-0.0843757264103011,0.4100001668864152,0.2609777055171884,0,24.357959052800886,21.16795165884888,0,0,1,0,1,0,0,0,0,0,0,0,1,0,0,0,0,1,0,0,0.7782058,51.7
EMR,Emerson Electric Company,Industrials,66.4,25.74,2.813225,2.35,74.45,56.77,44040298425.0,2542000000.0,3.6707752,5.01,44.040298425,2.542,17.32505838906373,45.53167420814478,Large-cap,2026-04-25T14:52:57.872278,0,2023.0,76.75,,unlabeled,0.7761194029850746,0.582089552238806,0.7611940298507462,0.8955223880597015,0.7611940298507462,0.9402985074626866,0.8374527755071953,-0.1802057682383316,0.6779686359753669,0.954288958907797,0,24.5083709250268,21.656217010107063,0,0,0,0,1,0,0,0,0,0,0,1,0,0,0,0,0,1,0,0,0.09059514,16.7
ETR,Entergy Corp.,Utilities,72.02,10.65,4.892126,-3.26,87.95,69.63,13116894887.0,880700000.0,1.5543115,1.54,13.116894887,0.8807,14.893715098217328,86.95414847161572,Large-cap,2026-04-25T14:52:57.872278,0,2018.0,14.6,,unlabeled,0.1428571428571428,0.1785714285714285,0.1785714285714285,1.0,0.3571428571428571,0.8571428571428571,-1.4488514083711868,-0.5390114373055752,-0.9486809445475128,3.277069130047104,3,23.29716692232961,20.59622760491115,1,1,0,1,0,1,0,0,0,0,0,0,0,0,0,0,1,1,0,0,0.9944248,86.8
EVHC,Envision Healthcare,Health Care,35.34,10.91,0.0,-0.48,73.0,23.77,4212729247.0,827200000.0,1.227099,0.8303999999999999,4.212729247,0.8272,5.092757793762089,76.49807028234815,Mid-cap,2026-04-25T14:52:57.872278,0,2021.5,63.0,,unlabeled,0.0983606557377049,0.0245901639344262,0.2131147540983606,0.0983606557377049,0.0327868852459016,0.2131147540983606,-0.4711491001232157,-0.3229375775566035,-0.94287892214989,0.0,4,22.161376552034337,20.533557062927336,1,0,0,1,0,1,0,0,0,0,1,0,0,0,0,0,0,0,0,1,0.99470806,87.8
EOG,EOG Resources,Energy,101.04,200.0692,0.63339007,-1.98,119.0,81.99,61164030149.0,3692749000.0,8.02302,4.55,61.164030149,3.692749,16.563278508504098,48.52742502026477,Large-cap,2026-04-25T14:52:57.872278,1,2024.0,19.75,,rumoured,0.984375,0.96875,0.9375,0.8125,0.875,0.28125,2.4336099206792774,1.896024483491167,1.559109337376401,0.1644966983172567,0,24.836825111029217,22.029637004354854,0,0,0,0,0,0,0,0,1,0,0,0,0,0,0,0,0,1,0,0,0.9391563,61.3
EQT,EQT Corporation,Energy,46.25,53.16,0.2518363,-2.69,67.84,47.13,12638828950.0,1518305000.0,6.4987307,2.15,12.63882895,1.518305,8.324301737793132,104.24915499758572,Large-cap,2026-04-25T14:52:57.872278,0,2023.0,19.75,,unlabeled,0.75,0.4375,0.84375,0.46875,0.21875,0.15625,0.189145405143456,-0.2523310738169559,1.0106879673038385,-0.2105347347724795,2,23.260039575091547,21.14086041866244,1,0,0,1,0,0,0,0,1,0,0,0,0,0,0,0,0,1,0,0,0.9959629,76.0
EFX,Equifax Inc.,Industrials,114.0,19.03,1.3265306,4.04,147.02,90.72,14121334618.0,1141200000.0,5.6338058,4.59,14.121334618,1.1412,12.37411025061339,58.65008880994672,Large-cap,2026-04-25T14:52:57.872278,0,2023.0,76.75,,unlabeled,0.2835820895522388,0.5671641791044776,0.9701492537313432,0.5522388059701493,0.3283582089552239,0.417910447761194,-0.4860853116923042,-0.1981174997851744,1.890748271017426,0.1423632990721413,1,23.370952584304003,20.85534617817989,0,0,0,0,1,0,0,0,0,0,0,1,0,0,0,0,0,1,0,0,0.99640083,70.9
EQIX,Equinix,Real Estate,409.98,23.06,1.8775817,1.77,495.345,361.9,33333813618.0,1687152000.0,10.639136,5.14,33.333813618,1.687152,19.757445457196507,63.97017497845553,Large-cap,2026-04-25T14:52:57.872278,0,2024.0,28.0,,none,0.9393939393939394,0.8787878787878788,0.5757575757575758,0.9090909090909092,0.9090909090909092,0.0909090909090909,0.0186938440016072,-0.0559400705024807,0.1700920025474206,0.0,0,24.22983814273259,21.246307737814725,0,1,0,0,1,0,0,0,0,0,0,0,0,0,1,0,0,1,0,0,0.01836463,11.7
EQR,Equity Residential,Real Estate,55.26,17.6,3.5437918,1.63,70.455,56.07,20925508143.0,1710686000.0,8.593619,2.09,20.925508143,1.710686,12.232232065381956,105.6308654848801,Large-cap,2026-04-25T14:52:57.872278,0,2024.0,28.0,,unlabeled,0.5454545454545454,0.3636363636363636,0.4242424242424242,0.4848484848484848,0.6666666666666666,0.3333333333333333,-0.1511627778949937,-0.2532199617454619,-0.3260384360687735,0.0,3,23.764234737089225,21.260160297189177,1,1,0,1,1,0,0,0,0,0,0,0,0,0,1,0,0,1,0,0,0.81746346,75.9
ESS,"Essex Property Trust, Inc.",Real Estate,218.28,18.66,3.2138102,6.27,270.04,214.03,14383525286.0,1237886000.0,14.1830845,2.3,14.383525286,1.237886,11.619426414063977,92.41206927334404,Large-cap,2026-04-25T14:52:57.872278,0,2024.0,28.0,,unlabeled,0.7575757575757576,0.4848484848484848,0.8181818181818182,0.4242424242424242,0.4848484848484848,0.2727272727272727,-0.1181869502007817,-0.239636756118896,1.0296598886799744,0.0,2,23.38934931128068,20.93667092377019,1,1,0,1,1,0,0,0,0,0,0,0,0,0,1,0,0,1,0,0,0.9731416,77.8
EL,Estee Lauder Cos.,Consumer Staples,131.46,37.78,1.1283498,3.35,138.74,81.69,49543264457.0,2478000000.0,3.9522583,10.82,49.543264457,2.478,19.99324635068604,12.760736196319018,Large-cap,2026-04-25T14:52:57.872278,1,2023.0,18.7,"Weak, acquisition target",completed,0.9705882352941176,0.7647058823529411,0.7941176470588235,0.9117647058823528,0.6470588235294118,0.1470588235294117,2.245454951915223,-0.2285525347939687,0.4295787957484073,0.6389255125460958,0,24.62611215423428,21.63071762055691,0,0,1,0,1,0,0,1,0,0,0,0,0,0,0,0,0,1,0,0,0.96210635,63.0
RE,Everest Re Group Ltd.,Financials,241.06,27.24,2.1078234,23.71,277.17,208.81,10131892523.0,0.0,2.0991988,1.16,10.131892523,0.0,13.333242399935546,52.82328847279112,Large-cap,2026-04-25T14:52:57.872278,0,2023.0,13.0,,unlabeled,0.8970588235294118,0.2205882352941176,0.3676470588235294,0.6323529411764706,0.1176470588235294,0.6617647058823529,1.33106545649623,-0.2098164695412434,-0.4829994548324712,0.0,2,23.03895396144964,0.0,1,0,0,0,1,1,0,0,0,1,0,0,0,0,0,0,0,1,0,0,0.9052086,72.8
ES,Eversource Energy,Utilities,56.11,18.22,3.3397784,2.96,66.15,55.2,18027633617.0,2738713000.0,3.1134193,1.68,18.027633617,2.738713,6.582520189957838,91.689497716895,Large-cap,2026-04-25T14:52:57.872278,0,2018.0,14.6,,unlabeled,0.5714285714285714,0.3214285714285714,0.75,0.6428571428571429,0.5,0.2142857142857142,0.3211690211294282,-0.4058718762319865,0.5204687758735064,0.2968805577082037,1,23.61517161862621,21.73075393933496,0,1,0,1,1,1,0,0,0,0,0,0,0,0,0,0,1,1,0,0,0.9945305,72.9
EXC,Exelon Corp.,Utilities,35.98,14.51,3.8174274,1.23,42.67,33.3,34734816899.0,8548000000.0,1.3933871,1.26,34.734816899,8.548,4.063502210926533,71.3980789754536,Large-cap,2026-04-25T14:52:57.872278,0,2018.0,14.6,,unlabeled,0.2857142857142857,0.1071428571428571,0.1428571428571428,0.1785714285714285,0.8571428571428571,0.6071428571428571,-0.5463046636060118,-0.8052905594527529,-1.1003202585634648,-0.606376877292494,4,24.27100838973721,22.8689631745203,1,1,0,1,1,0,0,0,0,0,0,0,0,0,0,0,1,1,0,0,0.30020553,54.2
EXPE,Expedia Inc.,Consumer Discretionary,123.03,30.99,0.92785895,1.81,161.0,115.55,19722178609.0,1481458000.0,2.5074897,4.14,19.722178609,1.481458,13.312681567077838,83.54235423542353,Large-cap,2026-04-25T14:52:57.872278,0,2023.0,29.4,,unlabeled,0.8571428571428571,0.5714285714285714,0.6547619047619048,0.7738095238095238,0.5952380952380952,0.3214285714285714,0.2445816094384817,-0.2793533193786639,0.1570581515742718,0.0,0,23.705009657199277,21.116292575605417,0,0,0,1,1,0,1,0,0,0,0,0,0,0,0,0,0,1,0,0,0.9959157,64.3
EXPD,Expeditors International,Industrials,60.36,25.26,1.3520038,2.36,67.54,51.96,11040678071.0,721643000.0,2.190319,5.55,11.040678071,0.721643,15.299362802660042,46.08472400513482,Large-cap,2026-04-25T14:52:57.872278,0,2023.0,76.75,,unlabeled,0.746268656716418,0.6567164179104478,0.5373134328358209,0.8059701492537313,0.208955223880597,0.4477611940298507,0.7427734488520902,-0.1571763991066767,-0.2366717827383062,0.6220870897660632,0,23.124852295474472,20.397041116123457,0,0,0,0,1,0,0,0,0,0,0,1,0,0,0,0,0,1,0,0,0.984396,63.9
ESRX,Express Scripts,Health Care,73.35,10.72,0.0,5.39,83.485,55.8,42449656350.0,7309300000.0,0.57588416,2.65,42.44965635,7.3093,5.807622665645137,36.60827162723498,Large-cap,2026-04-25T14:52:57.872278,1,2018.0,67.0,Cigna,completed,0.081967213114754,0.2049180327868852,0.081967213114754,0.1147540983606557,0.639344262295082,0.2131147540983606,-0.4782008404409266,-0.2503373475842104,-1.113554633302749,0.0,4,24.4715846542882,22.712413347025777,1,0,0,0,1,0,0,0,0,0,1,0,0,0,0,0,0,1,0,0,0.9143612,84.2
EXR,Extra Space Storage,Real Estate,77.56,18.12,3.879632,2.92,88.56,71.34,10133547517.0,717468000.0,12.204818,4.54,10.133547517,0.717468,14.124041095909504,63.87921022067364,Large-cap,2026-04-25T14:52:57.872278,0,2024.0,28.0,,unlabeled,0.6666666666666666,0.7878787878787878,0.6666666666666666,0.5757575757575758,0.3333333333333333,0.6363636363636364,-0.134985956761984,-0.0947492294355262,0.5498407396116833,0.0,0,23.03911729311184,20.391238906694127,0,1,0,0,1,0,0,0,0,0,0,0,0,0,1,0,0,1,0,0,0.981779,66.3
XOM,Exxon Mobil Corp.,Energy,76.07,21.37,4.0031195,1.88,89.3,76.05,326148660000.0,39052000000.0,1.7701944,1.85,326.14866,39.052,8.351650619686572,99.84905660377362,Mega-cap,2026-04-25T14:52:57.872278,0,2023.0,19.75,,none,0.4375,0.34375,0.25,0.5,1.0,0.90625,-0.2965391329854273,-0.5208755184804711,-0.6905838031427859,-0.2092898362061477,3,26.510619126644126,24.388159928335444,0,1,0,1,1,0,0,0,1,0,0,0,0,0,0,0,0,0,1,0,0.032524105,34.2
FFIV,F5 Networks,Information Technology,137.25,21.21,0.0,6.51,149.5,114.63,8744185796.0,629940000.0,4.1203604,6.86,8.744185796,0.62994,13.88098199193574,35.13048465729853,Mid-cap,2026-04-25T14:52:57.872278,0,2020.0,27.5,,unlabeled,0.4285714285714285,0.6,0.4285714285714285,0.4285714285714285,0.0571428571428571,0.1714285714285714,-0.2983397938980547,-0.1530762771582733,-0.4249486319507435,-0.2637468973286747,3,22.891654836108167,20.26113513630663,1,0,0,0,1,0,0,0,0,0,0,0,1,0,0,0,0,0,0,1,0.9350756,78.5
FB,"Facebook, Inc.",Information Technology,171.58,27.9,0.0,5.39,195.32,132.44,523423036576.0,23624000000.0,13.241967,7.08,523.423036576,23.624,22.156410285133763,37.75445292620863,Mega-cap,2026-04-25T14:52:57.872278,0,2020.0,27.5,,unlabeled,0.6714285714285714,0.6142857142857143,0.9285714285714286,0.7857142857142857,0.9428571428571428,0.1714285714285714,-0.1282198201669251,-0.1440797764650865,1.8682061404021555,0.1534780509094299,0,26.983655839404047,23.88552898143036,0,0,0,0,1,0,0,0,0,0,0,0,1,0,0,0,0,0,1,0,0.0027074043,10.0
FAST,Fastenal Co,Industrials,52.15,27.02,2.7798648,2.01,57.815,39.79,15311373377.0,1009600000.0,3.472977,7.39,15.311373377,1.0096,15.165781871038035,31.428571428571427,Large-cap,2026-04-25T14:52:57.872278,0,2023.0,76.75,,unlabeled,0.8805970149253731,0.8059701492537313,0.7313432835820896,0.7611940298507462,0.4029850746268656,0.9253731343283582,1.0899309799208112,-0.078705956139556,0.5557669602562131,0.6001806219510708,0,23.451861747230275,20.732820050741715,0,0,0,0,1,0,0,0,0,0,0,1,0,0,0,0,0,1,0,0,0.9960574,66.1
FRT,Federal Realty Investment Trust,Real Estate,108.11,18.35,3.5925992,3.5,143.79,109.74,8077368506.0,540767000.0,12.898601,3.98,8.077368506,0.540767,14.936873932765868,104.78707782672538,Mid-cap,2026-04-25T14:52:57.872278,0,2024.0,28.0,,unlabeled,0.7272727272727273,0.7575757575757576,0.7575757575757576,0.6060606060606061,0.0909090909090909,0.3939393939393939,-0.1278308243377682,-0.1309711111063687,0.7181145129875385,0.0,0,22.81233197660749,20.10849906197036,0,1,0,1,1,0,0,0,0,0,0,0,0,0,1,0,0,0,0,1,0.9818116,65.9
FDX,FedEx Corporation,Industrials,239.27,19.45,0.7963368,11.07,274.66,182.89,67280478816.0,8062000000.0,1.0751684,3.9,67.280478816,8.062,8.345383132721409,38.56380080636374,Large-cap,2026-04-25T14:52:57.872278,0,2023.0,76.75,,unlabeled,0.3358208955223881,0.4328358208955223,0.1492537313432835,0.208955223880597,0.8656716417910447,0.208955223880597,-0.403240900869087,-0.2275439158978446,-0.9256228045333476,-0.5183236707808865,4,24.9321359693664,22.810427501765425,0,0,0,0,1,0,0,0,0,0,0,1,0,0,0,0,0,1,0,0,0.7237929,74.7
FIS,Fidelity National Information Services,Information Technology,92.74,22.08,1.322724,1.72,103.65,77.63,32308459680.0,2782000000.0,4.7038417,3.25,32.30845968,2.782,11.613393127246583,41.92928516525752,Large-cap,2026-04-25T14:52:57.872278,0,2020.0,27.5,,none,0.4571428571428571,0.1928571428571428,0.5,0.2714285714285714,0.5714285714285714,0.5857142857142857,-0.2762165686146344,-0.3007006748964757,-0.2782625286853743,-0.3780726594735629,3,24.198594942511164,21.74643593080712,1,0,0,0,1,0,0,0,0,0,0,0,1,0,0,0,0,1,0,0,0.047949933,31.5
FITB,Fifth Third Bancorp,Financials,31.1,16.9,1.9789734,2.85,33.91,23.2,22437653700.0,0.0,2.8802848,1.46,22.4376537,0.0,13.333242399935546,26.237161531279146,Large-cap,2026-04-25T14:52:57.872278,0,2023.0,13.0,,unlabeled,0.5441176470588235,0.3676470588235294,0.5147058823529411,0.6323529411764706,0.4411764705882353,0.5588235294117647,-0.039632333119361,-0.1985274694899676,-0.1833415976540847,0.0,1,23.83400635335529,0.0,0,1,1,0,1,1,0,0,0,1,0,0,0,0,0,0,0,1,0,0,0.9638231,69.9
FE,FirstEnergy Corp,Utilities,30.64,11.18,4.673807,-14.49,35.22,27.93,13706075072.0,-5067000000.0,1.2994481,2.19,13.706075072,-5.067,-2.7049684373396485,62.82578875171466,Large-cap,2026-04-25T14:52:57.872278,0,2018.0,14.6,,unlabeled,0.1785714285714285,0.75,0.1071428571428571,0.0357142857142857,0.3928571428571428,0.7857142857142857,-1.324926596266124,0.0791365248218012,-1.1888391253067587,-3.033382753201902,3,23.34110500747721,0.0,1,1,0,0,0,0,0,0,0,0,0,0,0,0,0,0,1,1,0,0,0.9978383,86.8
FISV,Fiserv Inc,Information Technology,133.05,27.32,0.0,4.14,144.2,106.2,26918949723.0,1911000000.0,6.518713,11.54,26.918949723,1.911,14.086315919937206,29.342105263157848,Large-cap,2026-04-25T14:52:57.872278,0,2020.0,27.5,,unlabeled,0.6285714285714286,0.8142857142857143,0.6428571428571429,0.4571428571428571,0.5,0.1714285714285714,-0.1429686370225387,0.0383038284967921,0.1779927085007272,-0.2533945101836667,1,24.016096326251592,21.370892502727838,0,0,1,0,1,0,0,0,0,0,0,0,1,0,0,0,0,1,0,0,0.6844791,52.7
FLIR,FLIR Systems,Information Technology,46.46,25.53,1.2396694,1.21,52.88,33.75,6706992926.0,375267000.0,5.137961,3.52,6.706992926,0.375267,17.87258918583302,33.559853633037115,Mid-cap,2026-04-25T14:52:57.872278,0,2020.0,27.5,,unlabeled,0.5285714285714286,0.2428571428571428,0.5428571428571428,0.6571428571428571,0.0285714285714285,0.5428571428571428,-0.1884865373183118,-0.2896595149548373,-0.1691257517753177,-0.0625007447604129,1,22.626416539493604,19.743148333247703,0,0,0,0,1,0,0,0,0,0,0,0,1,0,0,0,0,0,0,1,0.9270047,66.7
FLS,Flowserve Corporation,Industrials,40.82,26.17,1.8291216,1.12,51.92,37.51,5427884956.0,463066000.0,2.0803037,3.15,5.427884956,0.463066,11.721622740602852,77.02984038861901,Mid-cap,2026-04-25T14:52:57.872278,1,2023.0,76.75,,rumoured,0.835820895522388,0.2985074626865671,0.4925373134328358,0.5074626865671642,0.0298507462686567,0.6119402985074627,0.922269672302395,-0.259529150802921,-0.3046403184213684,0.0353592793803395,2,22.414815384331867,19.953380152647053,1,0,0,1,1,0,0,0,0,0,0,1,0,0,0,0,0,0,0,1,0.9898968,76.9
FLR,Fluor Corp.,Industrials,55.31,19.9,1.4726508,1.99,62.09,37.0351,7978485059.0,709756000.0,0.5516402,2.4,7.978485059,0.709756,11.241166061294305,27.06057497734973,Mid-cap,2026-04-25T14:52:57.872278,0,2023.0,76.75,,unlabeled,0.373134328358209,0.1641791044776119,0.0298507462686567,0.417910447761194,0.1194029850746268,0.5074626865671642,-0.3144790321299254,-0.2915143857079973,-1.2490636817821414,-0.0434327207499912,4,22.800014388280573,20.38043180837143,1,0,1,0,1,0,0,0,0,0,0,1,0,0,0,0,0,0,0,1,0.99196327,89.3
FMC,FMC Corporation,Materials,80.87,32.48,0.785995,1.56,98.7,56.53,11273961835.0,557800000.0,6.0089035,5.26,11.273961835,0.5578,20.21147693617784,42.281242589518605,Large-cap,2026-04-25T14:52:57.872278,0,2023.0,63.0,,unlabeled,0.92,0.64,1.0,0.96,0.28,0.12,0.663828575465071,0.1577275627969289,2.0395609281722225,1.3711606332813455,0,23.145761641466127,20.13951103495042,0,0,0,0,1,0,0,0,0,0,0,0,0,1,0,0,0,1,0,0,0.9898643,63.7
FL,Foot Locker Inc,Consumer Discretionary,45.88,9.5,2.5827951,4.91,77.86,28.42,5819080328.0,957000000.0,1.0362948,3.97,5.819080328,0.957,6.080543707419018,64.68446601941747,Mid-cap,2026-04-25T14:52:57.872278,1,2023.0,29.4,Dick's rumoured,rumoured,0.0833333333333333,0.5059523809523809,0.1547619047619047,0.1785714285714285,0.0476190476190476,0.7738095238095238,-0.542434751781648,-0.2838280162366655,-0.8472056802298313,0.0,3,22.484408067131262,20.67931395046216,1,1,0,0,1,0,1,0,0,0,0,0,0,0,0,0,0,0,0,1,0.9968923,84.4
F,Ford Motor,Consumer Discretionary,10.43,5.89,6.7843866,1.9,13.48,10.19,42414328338.0,9281000000.0,0.4081934384,1.26,42.414328338,9.281,4.570017060446073,92.70516717325228,Large-cap,2026-04-25T14:52:57.872278,0,2023.0,29.4,,unlabeled,0.0238095238095238,0.0476190476190476,0.0119047619047619,0.1071428571428571,0.7976190476190477,1.0,-0.6746417812839592,-0.3551599485024566,-1.2759588523362535,0.0,4,24.47075207462157,22.95123513666741,1,1,0,1,1,0,1,0,0,0,0,0,0,0,0,0,0,1,0,0,0.36140203,60.6
FTV,Fortive Corp,Industrials,69.14,25.05,0.39057052,2.46,76.68,54.8844,24916503061.0,1508300000.0,5.1682673,7.17,24.916503061,1.5083,16.519593622621496,34.59413826643912,Large-cap,2026-04-25T14:52:57.872278,0,2023.0,76.75,,unlabeled,0.7313432835820896,0.7910447761194029,0.9552238805970148,0.8656716417910447,0.6268656716417911,0.1492537313432835,0.7013512434404812,-0.0880882917117117,1.6031340014650166,0.822197591016256,0,23.93879619445396,21.13424902640148,0,0,0,0,1,0,0,0,0,0,0,1,0,0,0,0,0,1,0,0,0.8955421,58.4
FBHS,Fortune Brands Home & Security,Industrials,62.44,20.27,1.2618296,3.04,73.62,55.25,9624169008.0,814500000.0,1.8434572,3.76,9.624169008,0.8145,11.816045436464089,60.86009798584651,Mid-cap,2026-04-25T14:52:57.872278,0,2023.0,76.75,,unlabeled,0.417910447761194,0.3880597014925373,0.373134328358209,0.5223880597014925,0.1492537313432835,0.3880597014925373,-0.2414970511666145,-0.2335144930801256,-0.4509664183970839,0.0508440325017068,3,22.987543376665755,20.51808498723412,1,0,0,0,1,0,0,0,0,0,0,1,0,0,0,0,0,0,0,1,0.9910575,82.9
BEN,Franklin Resources,Financials,38.0,12.67,2.332657,3.0,47.65,37.01,21759187973.0,2711300000.0,3.399101,1.83,21.759187973,2.7113,8.025370845350938,90.6954887218045,Large-cap,2026-04-25T14:52:57.872278,0,2023.0,13.0,,unlabeled,0.2352941176470588,0.6029411764705882,0.6764705882352942,0.0441176470588235,0.4117647058823529,0.75,-0.6003723379621027,-0.1846043694267274,0.0156983937955547,0.0,2,23.80330194086652,21.72069406198233,1,1,0,1,1,1,0,0,0,1,0,0,0,0,0,0,0,1,0,0,0.9967854,78.3
FCX,Freeport-McMoRan Inc.,Materials,17.16,14.67,1.1198208,1.24,20.25,11.05,25853969330.0,5347000000.0,1.6538345,3.66,25.85396933,5.347,4.835228975126239,33.58695652173913,Large-cap,2026-04-25T14:52:57.872278,1,2023.0,63.0,,rumoured,0.16,0.52,0.32,0.04,0.68,0.32,-0.3463565890992978,-0.3778499000109794,-0.7957302236135354,-1.3540719670520611,3,23.97572997856936,22.399801493100025,1,0,0,0,1,0,0,0,0,0,0,0,0,1,0,0,0,1,0,0,0.9641858,81.6
GPS,Gap Inc.,Consumer Discretionary,31.17,15.35,2.8203557,1.69,35.68,21.02,12684517721.0,1959000000.0,1.1289738,3.93,12.684517721,1.959,6.474996284328739,30.763983628922222,Large-cap,2026-04-25T14:52:57.872278,1,2023.0,29.4,,rumoured,0.2916666666666667,0.4880952380952381,0.1785714285714285,0.1904761904761904,0.4285714285714285,0.8452380952380952,-0.3281934435853819,-0.2848808860856071,-0.7839413447785785,0.0,4,23.26364800972425,21.39569997641928,1,1,0,0,1,0,1,0,0,0,0,0,0,0,0,0,0,1,0,0,0.9947948,91.0
GRMN,Garmin Ltd.,Consumer Discretionary,61.13,21.23,3.2339885,2.69,64.96,48.5,11840331607.0,736798000.0,5.319881,3.14,11.840331607,0.736798,16.069983369933144,23.26852976913726,Large-cap,2026-04-25T14:52:57.872278,0,2023.0,29.4,,unlabeled,0.6547619047619048,0.3809523809523809,0.9642857142857144,0.8809523809523809,0.3809523809523809,0.9166666666666666,-0.1128534620137502,-0.305675065602203,2.076846524597128,0.0,1,23.194777473442503,20.417824329818085,0,1,1,0,1,0,1,0,0,0,0,0,0,0,0,0,0,1,0,0,0.9863587,72.2
IT,Gartner Inc,Information Technology,114.26,36.86,0.0,2.31,142.16,97.96,10828314389.0,234935000.0,4.894499,13.47,10.828314389,0.234935,46.0906820567391,63.12217194570133,Large-cap,2026-04-25T14:52:57.872278,0,2020.0,27.5,,unlabeled,0.8142857142857143,0.9,0.5285714285714286,0.9714285714285714,0.1285714285714285,0.1714285714285714,0.0996239712577268,0.1172276754870222,-0.2303316414468348,1.3601799818817186,0,23.10543024318645,19.27481944236059,0,0,0,0,1,0,0,0,0,0,0,0,1,0,0,0,0,1,0,0,0.9590572,61.2
GD,General Dynamics,Industrials,206.05,20.71,1.5631542,9.55,229.54,181.94,64180390701.0,4618000000.0,2.0481362,5.45,64.180390701,4.618,13.89787585556518,49.34873949579829,Large-cap,2026-04-25T14:52:57.872278,1,2023.0,76.75,,rumoured,0.4626865671641791,0.6417910447761194,0.4776119402985074,0.6567164179104478,0.8507462686567164,0.5671641791044776,-0.1547076683994339,-0.1614410970940202,-0.3245137166812912,0.3922516759321343,2,24.884963560206977,22.253227548095257,0,0,0,0,1,0,0,0,0,0,0,1,0,0,0,0,0,1,0,0,0.9063923,73.0
GE,General Electric,Industrials,14.45,13.76,3.147541,-0.72,30.59,14.71,132249296250.0,-206000000.0,1.0887611,1.7,132.24929625,-0.206,-25.20615748198214,101.63727959697736,Large-cap,2026-04-25T14:52:57.872278,0,2023.0,76.75,,unlabeled,0.0746268656716417,0.044776119402985,0.1641791044776119,0.0149253731343283,0.9701492537313432,0.9850746268656716,-1.5255854189264872,-0.321367271619402,-0.9172251006232628,-6.020574146913441,4,25.607954586317163,0.0,0,1,0,1,0,0,0,0,0,0,0,1,0,0,0,0,0,1,0,0,0.21636896,49.4
GGP,General Growth Properties Inc.,Real Estate,21.62,13.86,4.005462,1.34,25.72,18.83,21018887283.0,1740540000.0,16.184554639999998,2.57,21.018887283,1.74054,12.076072530938674,59.506531204644375,Large-cap,2026-04-25T14:52:57.872278,0,2024.0,28.0,,unlabeled,0.2121212121212121,0.5454545454545454,1.0,0.4545454545454545,0.7272727272727273,0.6666666666666666,-0.2675114529670245,-0.2221726345990256,1.5151069704863904,0.0,2,23.76868726493316,21.277461247427976,1,1,0,0,1,0,0,0,0,0,0,0,0,0,1,0,0,1,0,0,0.9200392,75.8
GIS,General Mills,Consumer Staples,53.99,17.53,3.5864594,2.77,63.73,49.65,31098243069.0,3107600000.0,2.0389178,7.26,31.098243069,3.1076,10.007157635796112,69.17613636363633,Large-cap,2026-04-25T14:52:57.872278,1,2018.0,18.7,Blue Buffalo acquirer,completed,0.2647058823529412,0.5882352941176471,0.3823529411764705,0.3235294117647059,0.5294117647058824,0.9411764705882352,-0.6293720826788062,-0.2960546791570661,-0.3323227250694419,-0.3711754115257566,3,24.160417161609768,21.85711656136233,1,1,0,0,1,0,0,1,0,0,0,0,0,0,0,0,0,1,0,0,0.9449059,83.1
GM,General Motors,Consumer Discretionary,40.75,6.58,3.5857513,6.0,46.76,31.92,61536606173.0,23541000000.0,0.5633218,1.33,61.536606173,23.541,2.614018358311032,40.49865229110512,Large-cap,2026-04-25T14:52:57.872278,0,2023.0,29.4,,unlabeled,0.0357142857142857,0.0595238095238095,0.0357142857142857,0.0357142857142857,0.8571428571428571,0.9642857142857144,-0.6493722936505536,-0.3533174262668088,-1.170065470812223,0.0,4,24.842898057025792,23.882009418802337,0,1,0,0,1,0,1,0,0,0,0,0,0,0,0,0,0,1,0,0,0.43944165,61.8
GPC,Genuine Parts,Consumer Discretionary,96.31,21.17,2.7198548,4.6,107.75,79.86,14554321748.0,1201517000.0,1.212236,4.33,14.554321748,1.201517,12.113288241448103,41.0182861240588,Large-cap,2026-04-25T14:52:57.872278,0,2023.0,29.4,,unlabeled,0.6309523809523809,0.6071428571428571,0.25,0.6785714285714286,0.5238095238095238,0.8214285714285714,-0.1150508087644811,-0.2743521875961914,-0.7271050846634574,0.0,1,23.401153813882683,20.906850762853423,0,1,0,0,1,0,1,0,0,0,0,0,0,0,0,0,0,1,0,0,0.98037374,71.4
GILD,Gilead Sciences,Health Care,78.22,8.16,2.754954,9.95,89.54,63.759,108106822109.0,17590000000.0,5.2087464,4.12,108.106822109,17.59,6.145925077259807,43.90830456537762,Large-cap,2026-04-25T14:52:57.872278,0,2021.5,63.0,,none,0.0327868852459016,0.5901639344262295,0.639344262295082,0.1475409836065573,0.8852459016393442,0.9016393442622952,-0.5732137626163998,-0.1916858098509625,0.1006637918873576,0.0,2,25.40638566885096,23.59059639575273,0,1,0,0,1,0,0,0,0,0,1,0,0,0,0,0,0,1,0,0,0.016012354,25.4
GPN,Global Payments Inc.,Information Technology,100.59,27.86,0.037622273,1.58,113.26,76.47,16920023264.0,960345000.0,5.775833,4.73,16.920023264,0.960345,17.6186925157105,34.43870617015493,Large-cap,2026-04-25T14:52:57.872278,0,2020.0,27.5,,none,0.6571428571428571,0.4142857142857143,0.6,0.6428571428571429,0.3428571428571428,0.3428571428571428,-0.1292369799500709,-0.2401787611423096,-0.0087659286548721,-0.0753015354018794,1,23.551763566123544,20.68280315390772,0,0,0,0,1,0,0,0,0,0,0,0,1,0,0,0,0,1,0,0,0.18264402,24.9
GS,Goldman Sachs Group,Financials,246.35,12.44,1.1668612,8.61,273.79,209.62,96978500251.0,0.0,2.309415,1.25,96.978500251,0.0,13.333242399935546,42.76141499142905,Large-cap,2026-04-25T14:52:57.872278,0,2023.0,13.0,,none,0.2205882352941176,0.2794117647058823,0.4411764705882353,0.6323529411764706,0.9117647058823528,0.1764705882352941,-0.6308617472088712,-0.2064297695258606,-0.4023515671015643,0.0,3,25.297755143995893,0.0,0,0,0,0,1,0,0,0,0,1,0,0,0,0,0,0,0,1,0,0,0.021320798,30.3
GT,Goodyear Tire & Rubber,Consumer Discretionary,30.75,9.92,1.6731402,4.74,37.2,28.81,8244568238.0,2044000000.0,0.72725976,1.65,8.244568238,2.044,4.033546104696673,76.8772348033373,Mid-cap,2026-04-25T14:52:57.872278,1,2023.0,29.4,,rumoured,0.1071428571428571,0.1071428571428571,0.0714285714285714,0.0833333333333333,0.1666666666666666,0.5714285714285714,-0.5270533245265315,-0.3448944674752763,-1.0581585005748002,0.0,4,22.832820425182923,21.438174509777102,1,0,0,1,1,1,1,0,0,0,0,0,0,0,0,0,0,0,0,1,0.99471325,89.7
GWW,Grainger (W.W.) Inc.,Industrials,258.6,22.57,1.9700643,10.02,298.145,155.0,14639308205.0,1279846000.0,1.3995146,8.1,14.639308205,1.279846,11.43833570992135,27.6258339446016,Large-cap,2026-04-25T14:52:57.872278,0,2023.0,76.75,,unlabeled,0.5970149253731343,0.835820895522388,0.2388059701492537,0.4626865671641791,0.3432835820895522,0.6716417910447762,0.212174722389101,-0.0484266004294171,-0.7252385282702681,-0.0110980865376469,2,23.40697609067456,20.97000559592115,1,1,1,0,1,0,0,0,0,0,0,1,0,0,0,0,0,1,0,0,0.99094725,77.5
HAL,Halliburton Co.,Energy,47.41,38.86,1.4489837,-0.53,57.86,38.181,43356557470.0,2910000000.0,2.1424224,4.74,43.35655747,2.91,14.899160642611683,53.10229178311907,Large-cap,2026-04-25T14:52:57.872278,0,2023.0,19.75,,unlabeled,0.65625,1.0,0.40625,0.75,0.78125,0.40625,-0.0293286085477371,2.0661026317780604,-0.5566605447827293,0.0887474244153701,1,24.49272379680692,21.79141891847345,0,0,0,0,0,0,0,0,1,0,0,0,0,0,0,0,0,1,0,0,0.51803625,45.1
HBI,Hanesbrands Inc,Consumer Discretionary,19.57,10.04,2.7322404,1.41,25.73,18.9,8006268615.0,926153000.0,1.6339768,6.17,8.006268615,0.926153,8.644650090211876,90.19033674963394,Mid-cap,2026-04-25T14:52:57.872278,1,2024.0,29.4,,rumoured,0.119047619047619,0.7261904761904762,0.4285714285714285,0.369047619047619,0.119047619047619,0.8333333333333334,-0.5226586310250697,-0.2259201745448795,-0.4392173059360243,0.0,3,22.803490648790067,20.64655000682361,1,1,0,1,1,0,1,0,0,0,0,0,0,0,0,0,0,0,0,1,0.9978671,84.7
HOG,Harley-Davidson,Consumer Discretionary,47.54,13.7,3.0218647,2.98,63.4,44.52,8158949890.0,1058817000.0,1.66195,4.31,8.15894989,1.058817,7.705722414732668,84.00423728813561,Mid-cap,2026-04-25T14:52:57.872278,1,2023.0,29.4,,rumoured,0.2023809523809523,0.5952380952380952,0.4404761904761904,0.2976190476190476,0.1428571428571428,0.8690476190476191,-0.3886204792304826,-0.2748786225206623,-0.4201223015828808,0.0,3,22.822381307812748,20.78041808504513,1,1,0,1,1,0,1,0,0,0,0,0,0,0,0,0,0,0,0,1,0.99712485,84.9
HRS,Harris Corporation,Information Technology,149.84,26.38,1.4922442,4.43,160.67,104.16,18140726600.0,1368000000.0,2.9516637,5.88,18.1407266,1.368,13.260765058479532,19.16474960184036,Large-cap,2026-04-25T14:52:57.872278,0,2020.0,27.5,,unlabeled,0.6,0.5142857142857142,0.2571428571428571,0.3857142857142857,0.3714285714285714,0.6142857142857143,-0.1668718919264643,-0.1931515984279238,-0.7187567879655056,-0.2950165753186777,2,23.62142533601313,21.036615656877764,1,0,1,0,1,0,0,0,0,0,0,0,1,0,0,0,0,1,0,0,0.92091244,73.3
HIG,Hartford Financial Svc.Gp.,Financials,53.34,14.34,1.7901897,2.27,59.2,46.35,19926305632.0,0.0,1.3939538,1.15,19.926305632,0.0,13.333242399935546,45.60311284046691,Large-cap,2026-04-25T14:52:57.872278,0,2023.0,13.0,,unlabeled,0.3235294117647059,0.2058823529411764,0.1764705882352941,0.6323529411764706,0.3676470588235294,0.4117647058823529,-0.3789927143007838,-0.2101927695429525,-0.7535614742333708,0.0,3,23.715306586853533,0.0,1,1,0,0,1,1,0,0,0,1,0,0,0,0,0,0,0,1,0,0,0.9352512,80.6
HAS,Hasbro Inc.,Consumer Discretionary,96.48,20.57,2.2304833,4.34,116.2,87.92,12732072001.0,1028425000.0,3.2375681,5.82,12.732072001,1.028425,12.38016578846294,69.73125884016973,Large-cap,2026-04-25T14:52:57.872278,0,2023.0,29.4,,unlabeled,0.5892857142857143,0.6785714285714286,0.8214285714285714,0.7023809523809523,0.4404761904761904,0.7142857142857143,-0.1370242762717905,-0.2351327857231182,0.6554226656854946,0.0,0,23.267390001549764,20.75129434364005,0,1,0,0,1,0,1,0,0,0,0,0,0,0,0,0,0,1,0,0,0.99777824,65.6
HCA,HCA Holdings,Health Care,95.97,14.07,1.4227642,5.94,106.84,71.18,34449052800.0,8202000000.0,0.7251921,3.85,34.4490528,8.202,4.200079590343819,30.48233314638252,Large-cap,2026-04-25T14:52:57.872278,0,2021.5,63.0,,unlabeled,0.2295081967213114,0.5081967213114754,0.1147540983606557,0.0655737704918032,0.5245901639344263,0.7377049180327869,-0.3538675243128661,-0.202458541271355,-1.074422787289737,0.0,3,24.26274733913694,22.8276438640382,1,0,0,0,1,0,0,0,0,0,1,0,0,0,0,0,0,1,0,0,0.8736914,77.1
HCP,HCP Inc.,Real Estate,22.64,10.99,6.330197,1.33,33.67,22.8,10967755538.0,1412684000.0,8.127109,1.97,10.967755538,1.412684,7.763771330318741,101.47194112235512,Large-cap,2026-04-25T14:52:57.872278,0,2024.0,28.0,,unlabeled,0.0606060606060606,0.2727272727272727,0.3939393939393939,0.0606060606060606,0.3636363636363636,0.9393939393939394,-0.3567950619126737,-0.260981793532071,-0.4391882221222947,0.0,4,23.118225490391293,21.068757278695657,1,1,0,1,1,1,0,0,0,0,0,0,0,0,1,0,0,1,0,0,0.9893343,94.2
HP,Helmerich & Payne,Energy,64.87,-53.6096,4.1499925,-1.2,75.02,42.16,7345243806.0,483673000.0,3.7385862,1.62,7.345243806,0.483673,15.186383788220557,30.88861838101032,Mid-cap,2026-04-25T14:52:57.872278,1,2024.0,19.75,,rumoured,0.0625,0.21875,0.59375,0.78125,0.125,0.9375,-1.4420701929127135,-0.7267595927224996,0.0176204254085771,0.1018215853108307,2,22.717318839622447,19.996919618579778,1,1,0,0,0,1,0,0,1,0,0,0,0,0,0,0,0,0,0,1,0.9962404,79.7
HSIC,Henry Schein,Health Care,70.85,19.85,0.0,3.1,93.495,65.28,11452961984.0,1033985000.0,1.262194,3.74,11.452961984,1.033985,11.076526239742355,80.2587276271487,Large-cap,2026-04-25T14:52:57.872278,0,2021.5,63.0,,unlabeled,0.4918032786885246,0.4590163934426229,0.2295081967213114,0.3442622950819672,0.1311475409836065,0.2131147540983606,-0.1393461609635557,-0.2068474318500334,-0.9336809375294696,0.0,4,23.16151422213881,20.75668610712473,1,0,0,1,1,0,0,0,0,0,1,0,0,0,0,0,0,1,0,0,0.99568754,88.2
HES,Hess Corporation,Energy,43.0,-9.33,2.2670596,-19.94,55.48,37.25,14016129999.0,-819000000.0,3.780475,1.08,14.016129999,-0.819,-17.113711842490844,68.4585847504114,Large-cap,2026-04-25T14:52:57.872278,1,2023.0,53.0,Chevron,completed,0.1875,0.15625,0.625,0.0625,0.34375,0.5625,-0.765570756784003,-1.2101395931168273,0.0326915231894876,-1.368452150183135,3,23.36347464621159,0.0,1,1,0,0,0,1,0,0,1,0,0,0,0,0,0,0,0,1,0,0,0.99760026,84.4
HPE,Hewlett Packard Enterprise,Information Technology,15.04,11.57,1.9280206,0.21,24.88,12.815,24800859640.0,3683000000.0,1.4609766,1.06,24.80085964,3.683,6.733874461037198,81.55822627434729,Large-cap,2026-04-25T14:52:57.872278,0,2020.0,27.5,,unlabeled,0.1142857142857142,0.0285714285714285,0.0857142857142857,0.0857142857142857,0.4714285714285714,0.7285714285714285,-0.5434753016361848,-0.3902567499786538,-1.093512725965496,-0.6240849322896354,4,23.93414415246015,22.026993474680857,1,1,0,1,1,1,0,0,0,0,0,0,1,0,0,0,0,1,0,0,0.9259126,86.6
HLT,Hilton Worldwide Holdings Inc,Consumer Discretionary,78.66,36.42,0.7315289,1.05,88.11,55.79,26242415796.0,2815000000.0,3.7628453,17.67,26.242415796,2.815,9.322350193960924,29.23886138613862,Large-cap,2026-04-25T14:52:57.872278,0,2023.0,29.4,,unlabeled,0.9166666666666666,0.8928571428571429,0.8809523809523809,0.4047619047619047,0.7142857142857143,0.2976190476190476,0.4434414903796315,0.0767799070258204,1.0139862344086668,0.0,1,23.990642862218987,21.758228098893305,0,0,1,0,1,0,1,0,0,0,0,0,0,0,0,0,0,1,0,0,0.9374373,67.3
HOLX,Hologic,Health Care,38.8,19.21,0.0,2.64,46.8,35.76,11181493750.0,1561000000.0,4.80335,4.0,11.18149375,1.561,7.163032511210762,72.46376811594205,Large-cap,2026-04-25T14:52:57.872278,1,2023.0,63.0,,rumoured,0.4426229508196721,0.5573770491803278,0.5737704918032787,0.1967213114754098,0.0983606557377049,0.2131147540983606,-0.163099391507424,-0.196473690482248,-0.0055858121124665,0.0,2,23.13752590496133,21.16859247912032,1,0,0,1,1,0,0,0,0,0,1,0,0,0,0,0,0,1,0,0,0.9956163,75.7
HD,Home Depot,Consumer Discretionary,181.22,28.1,1.8610487,6.46,207.605,136.82,223378633329.0,16513000000.0,2.8964398,84.08,223.378633329,16.513,13.527441005813602,37.27484636575544,Mega-cap,2026-04-25T14:52:57.872278,0,2023.0,29.4,,none,0.8214285714285714,0.9523809523809524,0.7142857142857143,0.8333333333333334,0.988095238095238,0.6190476190476191,0.1387427409449418,1.8248070737310529,0.4225624146780858,0.0,0,26.132134075900883,23.52741378648782,0,0,0,0,1,0,1,0,0,0,0,0,0,0,0,0,0,0,1,0,0.007874616,11.8
HON,Honeywell Int'l Inc.,Industrials,146.02,20.68,1.9710299,2.08,165.13,119.31,114422168609.0,8333000000.0,2.8267899,5.71,114.422168609,8.333,13.731209481459258,41.70667830641639,Large-cap,2026-04-25T14:52:57.872278,0,2023.0,76.75,,none,0.4477611940298507,0.6716417910447762,0.6865671641791045,0.6268656716417911,0.9552238805970148,0.6865671641791045,-0.1606251263153782,-0.1503528823269271,0.1565462067402533,0.3649193949257082,1,25.463160678674832,22.84348937246649,0,1,0,0,1,0,0,0,0,0,0,1,0,0,0,0,0,1,0,0,0.01371661,18.3
HRL,Hormel Foods Corp.,Consumer Staples,32.21,20.39,2.2907758,1.57,38.0,29.75,17338613096.0,1422305000.0,2.5174792,3.49,17.338613096,1.422305,12.190502807766268,70.18181818181817,Large-cap,2026-04-25T14:52:57.872278,0,2022.0,18.7,,unlabeled,0.4705882352941176,0.2941176470588235,0.5294117647058824,0.5588235294117647,0.2941176470588235,0.4705882352941176,-0.223347128657131,-0.3675386915865259,-0.1417572410561578,-0.1503282872170696,2,23.576201822228036,21.075544632670116,1,1,0,1,1,0,0,1,0,0,0,0,0,0,0,0,0,1,0,0,0.94226825,75.2
HST,Host Hotels & Resorts,Real Estate,18.75,11.23,4.1131105,1.02,21.53,17.26,14394715334.0,1547000000.0,3.5549128,2.02,14.394715334,1.547,9.304922646412413,65.10538641686185,Large-cap,2026-04-25T14:52:57.872278,0,2024.0,28.0,,unlabeled,0.0909090909090909,0.303030303030303,0.0909090909090909,0.1818181818181818,0.5151515151515151,0.696969696969697,-0.3493288367743616,-0.2577476969543172,-1.5481527069666134,0.0,4,23.390126985545827,21.159583409183757,1,1,0,0,1,0,0,0,0,0,0,0,0,0,1,0,0,1,0,0,0.9932267,92.3
HPQ,HP Inc.,Information Technology,19.92,12.07,2.6270628,1.49,24.1,15.39,34895294088.0,3700000000.0,0.8954903,0.8303999999999999,34.895294088,3.7,9.431160564324324,47.99081515499425,Large-cap,2026-04-25T14:52:57.872278,0,2020.0,27.5,,unlabeled,0.1285714285714285,0.0142857142857142,0.0285714285714285,0.2,0.5857142857142857,0.8571428571428571,-0.5307608043468628,-0.3996458252475434,-1.23567492001859,-0.4880949853098118,4,24.27561781720635,22.03159865686686,1,1,0,0,1,0,0,0,0,0,0,0,1,0,0,0,0,1,0,0,0.7406661,77.2
HUM,Humana Inc.,Health Care,262.37,22.39,0.6040015,4.06,293.35,189.01,36973617235.0,0.0,0.9256895,3.33,36.973617235,0.0,15.288987971795937,29.691393521180764,Large-cap,2026-04-25T14:52:57.872278,0,2021.5,63.0,,none,0.6557377049180327,0.3770491803278688,0.1475409836065573,0.9754098360655736,0.6065573770491803,0.5409836065573771,-0.0450755272425785,-0.2232060240069256,-1.0218747889528144,0.0,2,24.333470447575557,0.0,1,0,1,0,1,0,0,0,0,0,1,0,0,0,0,0,0,1,0,0,0.060716238,25.3
HBAN,Huntington Bancshares,Financials,15.1,15.41,2.8132992,1.0,16.53,12.14,16766497291.0,0.0,3.5112102,1.72,16.766497291,0.0,13.333242399935546,32.57403189066062,Large-cap,2026-04-25T14:52:57.872278,0,2023.0,13.0,,unlabeled,0.4264705882352941,0.5735294117647058,0.75,0.6323529411764706,0.3235294117647059,0.8529411764705882,-0.2371506799788608,-0.1887436694455285,0.0587082578079466,0.0,1,23.542648523464184,0.0,0,1,0,0,1,1,0,0,0,1,0,0,0,0,0,0,0,1,0,0,0.9971727,72.5
HII,Huntington Ingalls Industries,Industrials,225.37,18.75,1.2264713,12.15,253.44,183.42,10628247899.0,1107000000.0,1.8924941,6.04,10.628247899,1.107,9.600946611562785,40.08854612967722,Large-cap,2026-04-25T14:52:57.872278,0,2023.0,76.75,,unlabeled,0.2537313432835821,0.7313432835820896,0.417910447761194,0.3134328358208955,0.1641791044776119,0.373134328358209,-0.5413149189077828,-0.1362793789686935,-0.4206709387007441,-0.3124188263922484,3,23.086781189750724,20.824919491576253,1,0,0,0,1,0,0,0,0,0,0,1,0,0,0,0,0,1,0,0,0.9944553,83.1
IDXX,IDEXX Laboratories,Health Care,169.28,53.57,0.0,2.94,198.73,140.63,15422885020.0,478307000.0,7.97525,196.21,15.42288502,0.478307,32.2447403445904,50.68846815834767,Large-cap,2026-04-25T14:52:57.872278,1,2024.0,63.0,,rumoured,0.9672131147540984,1.0,0.8524590163934426,0.8688524590163934,0.2295081967213114,0.2131147540983606,1.112152173316504,7.472514110679369,0.8257316809068165,0.0,0,23.45911828362541,19.985763345800358,0,0,0,0,1,0,0,0,0,0,1,0,0,0,0,0,0,1,0,0,0.9875151,62.9
INFO,IHS Markit Ltd.,Industrials,43.73,26.19,0.0,1.0,49.19,37.82,17969275816.0,1018900000.0,5.0604,2.24,17.969275816,1.0189,17.635956243007165,48.02110817941954,Large-cap,2026-04-25T14:52:57.872278,0,2023.0,76.75,,unlabeled,0.8507462686567164,0.1343283582089552,0.9402985074626866,0.9253731343283582,0.4925373134328358,0.0597014925373134,0.9262146442463576,-0.298337902487747,1.5364925213337477,1.0052743334553724,1,23.611929237375016,20.741989451925964,0,0,0,0,1,0,0,0,0,0,0,1,0,0,0,0,0,1,0,0,0.9677866,68.1
ITW,Illinois Tool Works,Industrials,156.15,23.62,1.9089574,4.86,179.07,126.52,55994378108.0,3924000000.0,3.9286149,10.99,55.994378108,3.924,14.269719191641183,43.61560418648904,Large-cap,2026-04-25T14:52:57.872278,0,2023.0,76.75,,none,0.6417910447761194,0.9104477611940298,0.8208955223880597,0.6716417910447762,0.8059701492537313,0.6417910447761194,0.4192857494471451,0.0748231714048104,0.8372645416353978,0.4532317422863536,0,24.74851713173134,22.09037737890437,0,1,0,0,1,0,0,0,0,0,0,1,0,0,0,0,0,1,0,0,0.09955922,16.4
ILMN,Illumina Inc,Health Care,209.54,52.25,0.0,4.92,248.97,158.0203,32295200000.0,1192000000.0,11.713953,10.89,32.2952,1.192,27.093288590604026,43.35363393172271,Large-cap,2026-04-25T14:52:57.872278,0,2021.5,63.0,,unlabeled,0.9508196721311476,0.9016393442622952,0.9344262295081968,0.8524590163934426,0.5081967213114754,0.2131147540983606,1.063161135319776,0.0784304557640634,1.805601539699235,0.0,0,24.198184449351757,20.898898406428497,0,0,0,0,1,0,0,0,0,0,1,0,0,0,0,0,0,1,0,0,0.46152863,34.2
INCY,Incyte,Health Care,83.92,-53.6096,0.0,0.54,153.15,84.21,18220961259.0,-81686000.0,16.184554639999998,10.25,18.220961259,-0.081686,-25.20615748198214,100.42065564258776,Large-cap,2026-04-25T14:52:57.872278,1,2023.0,63.0,,rumoured,0.0163934426229508,0.8852459016393442,0.9918032786885246,0.0245901639344262,0.3114754098360656,0.2131147540983606,-2.865756808557846,0.0528950923972072,2.977293379811689,0.0,2,23.62583848589368,0.0,1,0,0,1,1,0,0,0,0,0,1,0,0,0,0,0,0,1,0,0,0.9949452,75.8
IR,Ingersoll-Rand PLC,Industrials,87.6,19.38,1.9739007,5.07,97.67,77.26,22785450609.0,1987100000.0,1.6147361,3.34,22.785450609,1.9871,11.46668542549444,49.33855952964238,Large-cap,2026-04-25T14:52:57.872278,0,2023.0,76.75,,unlabeled,0.3134328358208955,0.3134328358208955,0.2835820895522388,0.4776119402985074,0.5522388059701493,0.7014925373134329,-0.4170483026729566,-0.2514262246269684,-0.5922725662403312,-0.0064489040216615,4,23.84938803807412,21.40994212687929,1,1,0,0,1,0,0,0,0,0,0,1,0,0,0,0,0,1,0,0,0.9809473,89.6
INTC,Intel Corp.,Information Technology,42.75,12.32,2.6548672,1.98,50.85,33.23,211536000000.0,26247000000.0,3.348876,3.34,211.536,26.247,8.059435364041605,45.97048808172531,Mega-cap,2026-04-25T14:52:57.872278,0,2020.0,27.5,,none,0.1428571428571428,0.2142857142857142,0.3,0.1142857142857142,0.9142857142857144,0.8714285714285714,-0.5244035557022017,-0.2970202882492629,-0.6188983615582243,-0.5572536989627689,4,26.07766103371888,23.99081753377675,0,1,0,0,1,0,0,0,0,0,0,0,1,0,0,0,0,0,1,0,0.01723432,38.1
ICE,Intercontinental Exchange,Financials,67.0,22.95,5.4298644,2.37,76.1378,56.8,41373051167.0,3103000000.0,9.619987,2.62,41.373051167,3.103,13.333242399935546,47.25356555554405,Large-cap,2026-04-25T14:52:57.872278,0,2023.0,13.0,,none,0.8529411764705882,0.7941176470588235,0.9558823529411764,0.1323529411764706,0.6764705882352942,1.0,0.7623716927195487,-0.1548766692917011,2.4022952198954,0.0,1,24.44589556785456,21.85563522273492,0,1,0,0,1,0,0,0,0,1,0,0,0,0,0,0,0,1,0,0,0.018762795,21.6
IBM,International Business Machines,Information Technology,147.59,10.67,3.8999026,6.11,182.79,139.13,142433003505.0,16557000000.0,1.817167,7.7,142.433003505,16.557,8.60258522105454,80.62299587723315,Large-cap,2026-04-25T14:52:57.872278,0,2020.0,27.5,,none,0.0857142857142857,0.6428571428571429,0.1142857142857142,0.1428571428571428,0.8571428571428571,0.9857142857142858,-0.5663613967569646,-0.1187260017842872,-1.0039671281947822,-0.529869536723816,3,25.68213757526447,23.530074810132284,0,1,0,1,1,0,0,0,0,0,0,0,1,0,0,0,0,1,0,0,0.09662845,37.3
IP,International Paper,Materials,56.05,15.57,3.206751,5.14,66.94,49.6,24465996443.0,3004000000.0,1.0738261,4.99,24.465996443,3.004,8.144472850532622,62.80276816608998,Large-cap,2026-04-25T14:52:57.872278,1,2024.0,63.0,DS Smith acquirer,completed,0.2,0.6,0.08,0.24,0.64,0.96,-0.2953084898231646,0.0673488659480945,-1.1733345014060146,-0.7675531157331237,3,23.92055009022657,21.82321057118119,1,1,0,0,1,0,0,0,0,0,0,0,0,1,0,0,0,1,0,0,0.98497665,84.9
IPG,Interpublic Group,Consumer Discretionary,21.34,15.46,3.3802817,1.49,25.71,18.3,8277363031.0,1074900000.0,1.4712903,4.01,8.277363031,1.0749,7.700588920829845,58.974358974358985,Mid-cap,2026-04-25T14:52:57.872278,0,2023.0,29.4,,unlabeled,0.3214285714285714,0.5238095238095238,0.2857142857142857,0.2857142857142857,0.1785714285714285,0.9285714285714286,-0.3241649745423751,-0.282775146387724,-0.5502700072965295,0.0,3,22.836790280223703,20.795493471873613,1,1,0,0,1,0,1,0,0,0,0,0,0,0,0,0,0,0,0,1,0.99494535,85.2
IFF,Intl Flavors & Fragrances,Materials,138.0,24.17,1.9341276,5.05,157.4,116.3,11270040447.0,699963000.0,4.4208813,6.34,11.270040447,0.699963,16.1009088294667,47.201946472019465,Large-cap,2026-04-25T14:52:57.872278,0,2023.0,63.0,,unlabeled,0.6,0.8,0.88,0.8,0.24,0.6,0.1924844588154415,0.5192423501922672,1.0057069771787126,0.6426178679282154,0,23.145413753988997,20.36653803589648,0,0,0,0,1,0,0,0,0,0,0,0,0,1,0,0,0,1,0,0,0.9930928,65.0
INTU,Intuit Inc.,Information Technology,152.75,40.52,0.96720195,3.72,170.59,111.9,41233771565.0,1654000000.0,9.633731,33.5,41.233771565,1.654,24.92972887847642,30.39700119270745,Large-cap,2026-04-25T14:52:57.872278,0,2020.0,27.5,,unlabeled,0.8571428571428571,0.9857142857142858,0.8428571428571429,0.8571428571428571,0.6285714285714286,0.4857142857142857,0.1926940914155647,0.9363181704167154,0.961102384888786,0.2933013525633441,0,24.44252345573668,21.226462434152506,0,0,0,0,1,0,0,0,0,0,0,0,1,0,0,0,0,1,0,0,0.7450502,50.9
ISRG,Intuitive Surgical Inc.,Health Care,381.87,48.58,0.0,5.67,452.0,233.10643,44866621303.0,1153700000.0,14.655261,9.48,44.866621303,1.1537,38.88933111120742,32.03840112800024,Large-cap,2026-04-25T14:52:57.872278,0,2021.5,63.0,,none,0.9344262295081968,0.8524590163934426,0.9672131147540984,0.9016393442622952,0.6557377049180327,0.2131147540983606,0.926951203919781,0.0221728583464583,2.576483595488371,0.0,0,24.52695995443344,20.866240006764293,0,0,0,0,1,0,0,0,0,0,1,0,0,0,0,0,0,1,0,0,0.1538297,17.4
IVZ,Invesco Ltd.,Financials,31.92,11.87,3.466826,2.74,38.43,29.36,13620847614.0,1606200000.0,2.6513786,1.62,13.620847614,1.6062,8.480169103474038,71.7750826901874,Large-cap,2026-04-25T14:52:57.872278,0,2023.0,13.0,,unlabeled,0.1176470588235294,0.5294117647058824,0.4705882352941176,0.0735294117647058,0.2647058823529412,0.9117647058823528,-0.7064224570812974,-0.1925066694626205,-0.2711597654190262,0.0,3,23.33486736884445,21.197136978341224,1,1,0,1,1,1,0,0,0,1,0,0,0,0,0,0,0,1,0,0,0.99758196,85.6
IQV,IQVIA Holdings Inc.,Health Care,95.23,21.74,0.0,0.76,110.67,75.94,20426488713.0,1542000000.0,2.8477087,2.77,20.426488713,1.542,13.246750138132295,44.45724157788654,Large-cap,2026-04-25T14:52:57.872278,0,2021.5,63.0,,unlabeled,0.5901639344262295,0.2622950819672131,0.3278688524590163,0.4098360655737705,0.3442622950819672,0.2131147540983606,-0.0691999020136948,-0.2455494669529249,-0.5181362780038791,0.0,3,23.740098361890706,21.156346112736056,1,0,0,0,1,0,0,0,0,0,1,0,0,0,0,0,0,1,0,0,0.89909756,76.9
IRM,Iron Mountain Incorporated,Real Estate,32.07,15.42,7.08258,0.46,41.53,32.05,9410249279.0,1116140000.0,3.2898626,4.97,9.410249279,1.11614,8.431065349328938,99.78902953586496,Mid-cap,2026-04-25T14:52:57.872278,0,2024.0,28.0,,unlabeled,0.3636363636363636,0.8484848484848485,0.0606060606060606,0.0909090909090909,0.2424242424242424,0.9696969696969696,-0.2189809895679956,-0.0669359988668436,-1.612439374826773,0.0,3,22.96506528115988,20.8331421419622,1,1,0,1,1,0,0,0,0,0,0,0,0,0,1,0,0,0,0,1,0.9957489,89.0
JBHT,J. B. Hunt Transport Services,Industrials,114.81,30.62,0.8139042,6.19,126.49,83.35,12945366350.0,1007309000.0,1.7697402,8.55,12.94536635,1.007309,12.851435210049749,27.07464070468241,Large-cap,2026-04-25T14:52:57.872278,0,2023.0,76.75,,unlabeled,0.9701492537313432,0.8507462686567164,0.3283582089552239,0.582089552238806,0.2835820895522388,0.2388059701492537,1.800025929834105,-0.0292354594863712,-0.4965095069033943,0.2206417160154661,1,23.284003750328832,20.730548256641875,0,0,1,0,1,0,0,0,0,0,0,1,0,0,0,0,0,1,0,0,0.9648981,68.6
JEC,Jacobs Engineering Group,Industrials,62.82,19.45,0.9089532,2.43,72.18,49.31,9326484316.0,409832000.0,1.2129636,2.01,9.326484316,0.409832,22.756847478967,40.92697857455184,Mid-cap,2026-04-25T14:52:57.872278,1,2017.0,76.75,Split off CH2M 2017,completed,0.3358208955223881,0.0597014925373134,0.1940298507462686,1.0,0.1343283582089552,0.2686567164179104,-0.403240900869087,-0.3081467078586371,-0.8404915730759535,1.8450696371898017,3,22.95612396589491,19.831257880032123,1,0,0,0,1,0,0,0,0,0,0,1,0,0,0,0,0,0,0,1,0.9870055,82.3
SJM,JM Smucker,Consumer Staples,118.37,15.35,2.6036885,5.1,143.68,99.565,13612394896.0,1411300000.0,2.496677,1.88,13.612394896,1.4113,9.645287958619711,57.37277569987532,Large-cap,2026-04-25T14:52:57.872278,0,2022.0,18.7,,unlabeled,0.1764705882352941,0.1470588235294117,0.5,0.2058823529411764,0.2058823529411764,0.5588235294117647,-0.9388596350449784,-0.3980663467619716,-0.1500407785741045,-0.4077788211033666,3,23.334246604110486,21.0677771030928,1,1,0,0,1,1,0,1,0,0,0,0,0,0,0,0,0,1,0,0,0.99400973,84.5
JNJ,Johnson & Johnson,Health Care,126.36,17.31,2.5566885,0.39,148.32,113.15,353062464971.0,22430000000.0,4.6326222,4.74,353.062464971,22.43,15.740635977307178,62.43957918680694,Mega-cap,2026-04-25T14:52:57.872278,0,2021.5,63.0,,none,0.3442622950819672,0.6557377049180327,0.5409836065573771,0.4918032786885246,1.0,0.8852459016393442,-0.233616794684533,-0.1669484265893205,-0.0503315502141398,0.0,2,26.589910832819992,23.83366518552311,0,1,0,0,1,0,0,0,0,0,1,0,0,0,0,0,0,0,1,0,0.0031946963,24.9
JCI,Johnson Controls International,Industrials,36.55,14.0,2.7659574,1.71,44.37,34.51,34822224800.0,4295000000.0,1.1415336,1.69,34.8222248,4.295,8.107619278230501,79.3103448275862,Large-cap,2026-04-25T14:52:57.872278,0,2023.0,76.75,,unlabeled,0.0895522388059701,0.0298507462686567,0.1791044776119403,0.1791044776119403,0.6865671641791045,0.9104477611940298,-1.478245755598934,-0.3217937414181364,-0.884621730461709,-0.5573155101304749,4,24.27352166358763,22.18071739261546,1,1,0,1,1,0,0,0,0,0,0,1,0,0,0,0,0,1,0,0,0.45664942,61.7
JPM,JPMorgan Chase & Co.,Financials,107.88,15.43,1.9845841,6.3,117.3529,81.635,386613611000.0,0.0,3.3714993,1.6,386.613611,0.0,13.333242399935546,26.521436030673723,Mega-cap,2026-04-25T14:52:57.872278,0,2023.0,13.0,,none,0.4411764705882353,0.5073529411764706,0.6323529411764706,0.6323529411764706,1.0,0.5735294117647058,-0.234499427000881,-0.1932592694660388,0.0051092060793741,0.0,1,26.68069161003571,0.0,0,1,1,0,1,0,0,0,0,1,0,0,0,0,0,0,0,0,1,0,0.016951172,18.9
JNPR,Juniper Networks,Information Technology,24.66,14.09,1.5754234,0.78,30.96,23.87,9267350000.0,1115500000.0,1.8543326,1.78,9.26735,1.1155,8.307799193186911,88.85754583921018,Mid-cap,2026-04-25T14:52:57.872278,0,2020.0,27.5,,unlabeled,0.1857142857142857,0.0714285714285714,0.1285714285714285,0.1285714285714285,0.0857142857142857,0.6428571428571429,-0.4793942352980014,-0.3608136568009514,-0.9946237661375588,-0.5447318593566496,4,22.94976330737126,20.83256857273332,1,0,0,1,1,1,0,0,0,0,0,0,1,0,0,0,0,0,0,1,0.9870674,89.2
KSU,Kansas City Southern,Industrials,103.53,19.8,1.3445379,9.16,114.85,81.54,11037040988.0,1295400000.0,4.281897,2.39,11.037040988,1.2954,8.520179857958931,33.98378865205643,Large-cap,2026-04-25T14:52:57.872278,1,2021.0,31.0,Canadian Pacific,completed,0.3582089552238806,0.1492537313432835,0.8955223880597015,0.2388059701492537,0.1940298507462686,0.4328358208955223,-0.3342038918497387,-0.2919408555067317,1.0555257018561768,-0.4896580611831239,3,23.12452281551118,20.98208536548505,1,0,0,0,1,0,0,0,0,0,0,1,0,0,0,0,0,1,0,0,0.9814873,82.5
K,Kellogg Co.,Consumer Staples,65.98,16.5,3.363962,1.95,76.69,58.76,22182794875.0,1827000000.0,2.3173764,11.5,22.182794875,1.827,12.141650177887248,59.73229224762964,Large-cap,2026-04-25T14:52:57.872278,1,2023.0,18.7,,rumoured,0.2058823529411764,0.7941176470588235,0.4411764705882353,0.5294117647058824,0.3823529411764705,0.8235294117647058,-0.7755978528334656,-0.2156588667695569,-0.2214391521639349,-0.1552697701132269,2,23.82258281976697,21.325941114889627,1,1,0,0,1,0,0,1,0,0,0,0,0,0,0,0,0,1,0,0,0.9898431,79.0
KEY,KeyCorp,Financials,20.08,14.66,1.9876952,1.12,22.22,16.28,22589744920.0,0.0,3.270451,1.55,22.58974492,0.0,13.333242399935546,36.02693602693605,Large-cap,2026-04-25T14:52:57.872278,1,2024.0,13.0,Scotiabank stake,completed,0.3382352941176471,0.4485294117647059,0.6029411764705882,0.6323529411764706,0.4558823529411764,0.5882352941176471,-0.3365726666531058,-0.1951407694745848,-0.0336572255933465,0.0,2,23.84076187568484,0.0,1,1,0,0,1,1,0,0,0,1,0,0,0,0,0,0,0,1,0,0,0.9933843,77.8
KMB,Kimberly-Clark,Consumer Staples,111.69,17.93,3.5599859,6.41,136.21,109.67,39449596000.0,4033000000.0,2.1947837,151.66,39.449596,4.033,9.781699975204562,92.38884702336098,Large-cap,2026-04-25T14:52:57.872278,0,2022.0,18.7,,unlabeled,0.3235294117647059,0.9411764705882352,0.4117647058823529,0.2352941176470588,0.5882352941176471,0.9117647058823528,-0.572585375822628,2.441953648379804,-0.2702561633395027,-0.3939806356535009,3,24.39828964340005,22.1177763530856,1,1,0,1,1,0,0,1,0,0,0,0,0,0,0,0,0,1,0,0,0.8996683,80.7
KIM,Kimco Realty,Real Estate,14.01,9.28,7.7134986,0.8,25.15,14.33,6180487499.0,701190000.0,7.0508943,1.2,6.180487499,0.70119,8.814283573639099,102.95748613678371,Mid-cap,2026-04-25T14:52:57.872278,0,2024.0,28.0,,unlabeled,0.0303030303030303,0.0303030303030303,0.303030303030303,0.1515151515151515,0.0606060606060606,1.0,-0.4099919160231477,-0.3107868808294794,-0.7002189889925754,0.0,4,22.544662988800017,20.36828945106941,1,1,0,1,1,1,0,0,0,0,0,0,0,0,1,0,0,0,0,1,0.99372536,95.6
KMI,Kinder Morgan,Energy,16.8,25.07,2.891845,0.01,22.75,16.56,38612712234.0,5981000000.0,2.823936,1.07,38.612712234,5.981,6.455895708744357,96.12277867528267,Large-cap,2026-04-25T14:52:57.872278,0,2023.0,19.75,,unlabeled,0.5,0.125,0.5,0.375,0.71875,0.75,-0.2400108916807129,-1.2190910746056112,-0.3114599636101893,-0.2955830375130149,2,24.3768473917121,22.511853615176022,1,0,0,1,1,0,0,0,1,0,0,0,0,0,0,0,0,1,0,0,0.13973698,32.0
KLAC,KLA-Tencor Corp.,Information Technology,98.54,16.59,2.2988505,5.88,121.65,86.33,16078622033.0,1506642000.0,4.3395863,12.93,16.078622033,1.506642,10.671826507557869,65.43035107587768,Large-cap,2026-04-25T14:52:57.872278,0,2020.0,27.5,,unlabeled,0.3,0.8714285714285714,0.4571428571428571,0.2571428571428571,0.3,0.8142857142857143,-0.415821748851391,0.0951453556037454,-0.3698356523131039,-0.4255439286627661,3,23.500756402622272,21.133149170970736,1,1,0,0,1,0,0,0,0,0,0,0,1,0,0,0,0,1,0,0,0.98914003,84.0
KSS,Kohl's Corp.,Consumer Discretionary,60.34,16.01,3.4965036,3.12,69.14,35.16,10570861198.0,2286000000.0,0.8557757,2.04,10.570861198,2.286,4.624173752405949,25.89758681577397,Large-cap,2026-04-25T14:52:57.872278,0,2023.0,29.4,,unlabeled,0.3452380952380952,0.1666666666666666,0.1309523809523809,0.119047619047619,0.2976190476190476,0.9523809523809524,-0.3040226293273415,-0.3346289864480961,-0.9704312318408572,0.0,4,23.0813671092901,21.550069402756478,1,1,1,0,1,0,1,0,0,0,0,0,0,0,0,0,0,1,0,0,0.98896873,91.3
KHC,Kraft Heinz Co,Consumer Staples,71.58,20.11,3.3990483,2.81,97.77,72.05,89618309338.0,7832000000.0,4.6780853,1.54,89.618309338,7.832,11.44258290832482,101.82737169517884,Large-cap,2026-04-25T14:52:57.872278,1,2019.0,18.7,,rumoured,0.4411764705882353,0.1176470588235294,0.8823529411764706,0.4411764705882353,0.8235294117647058,0.8823529411764706,-0.263097823456456,-0.4045131807741776,0.7186066479005241,-0.2259809880018194,3,25.21882548135298,22.781483742302303,0,1,0,1,1,0,0,1,0,0,0,0,0,0,0,0,0,1,0,0,0.8690038,79.1
KR,Kroger Co.,Consumer Staples,27.57,13.07,1.7301039,2.05,34.75,19.69,25471355847.0,5342000000.0,0.4081934384,4.02,25.471355847,5.342,4.768131008423811,47.67596281540505,Large-cap,2026-04-25T14:52:57.872278,0,2022.0,18.7,,unlabeled,0.0588235294117647,0.4117647058823529,0.0294117647058823,0.0588235294117647,0.4411764705882353,0.2058823529411764,-1.262543864125195,-0.3574892150380873,-0.9816851209094696,-0.9011071784702216,4,23.96082035765797,22.39886595182137,1,0,0,0,1,0,0,1,0,0,0,0,0,0,0,0,0,1,0,0,0.9781892,89.3
LB,L Brands Inc.,Consumer Discretionary,47.77,12.77,4.886988,3.98,63.1,35.0,13862042842.0,2329000000.0,1.7060977,205.0419999999998,13.862042842,2.329,5.951929086303134,54.55516014234875,Large-cap,2026-04-25T14:52:57.872278,0,2023.0,29.4,,unlabeled,0.1785714285714285,0.9940476190476192,0.4523809523809524,0.1666666666666666,0.4880952380952381,0.9761904761904762,-0.4226793538668121,5.008738140422787,-0.3899862955599276,0.0,3,23.352420211116986,21.568704828277983,1,1,0,0,1,0,1,0,0,0,0,0,0,0,0,0,0,1,0,0,0.9972046,87.0
LLL,L-3 Communications Holdings,Industrials,198.79,23.14,1.4444605,8.51,218.705,159.43,16229343134.0,1137000000.0,1.4884604,3.12,16.229343134,1.137,14.273828613896216,33.59763812737245,Large-cap,2026-04-25T14:52:57.872278,1,2019.0,33.5,L3Harris merger,completed,0.6194029850746269,0.2835820895522388,0.2686567164179104,0.6865671641791045,0.4477611940298507,0.4776119402985074,0.3246064227920393,-0.2608085601991241,-0.6702869371628632,0.4539056627724213,2,23.51008674538032,20.85165905259432,1,0,0,0,1,0,0,0,0,0,0,1,0,0,0,0,0,1,0,0,0.9805613,76.4
LH,Laboratory Corp. of America Holding,Health Care,165.46,17.79,0.0,7.02,181.715,130.292,17271388000.0,1861200000.0,2.2459624,2.71,17.271388,1.8612,9.279705566301311,31.610368901075383,Large-cap,2026-04-25T14:52:57.872278,0,2021.5,63.0,,unlabeled,0.3770491803278688,0.2459016393442623,0.2950819672131147,0.2459016393442623,0.2786885245901639,0.2131147540983606,-0.2158018717766318,-0.2479434072685676,-0.6758468696207742,0.0,4,23.572317096518184,21.34448727847205,1,0,0,0,1,0,0,0,0,0,1,0,0,0,0,0,0,1,0,0,0.96013033,86.4
LRCX,Lam Research,Information Technology,162.23,16.29,1.1652974,9.22,219.7,113.1982,27967534829.0,2967218000.0,3.0405293,4.52,27.967534829,2.967218,9.425507269435546,53.96152928870686,Large-cap,2026-04-25T14:52:57.872278,0,2020.0,27.5,,unlabeled,0.2428571428571428,0.3714285714285714,0.2714285714285714,0.1857142857142857,0.5428571428571428,0.5285714285714286,-0.4234504472249842,-0.2487663299858062,-0.6964161429811008,-0.488380009309027,4,24.05431020405868,21.810890650783428,1,0,0,0,1,0,0,0,0,0,0,0,1,0,0,0,0,1,0,0,0.8601333,82.2
LEG,Leggett & Platt,Consumer Discretionary,43.99,17.88,3.1454785,2.76,54.97,42.0,6034600480.0,447000000.0,2.0302901,4.89,6.03460048,0.447,13.500224787472035,84.65690053970701,Mid-cap,2026-04-25T14:52:57.872278,0,2023.0,29.4,,unlabeled,0.4761904761904761,0.6547619047619048,0.5595238095238095,0.8214285714285714,0.0833333333333333,0.8928571428571429,-0.2355386555962275,-0.2596120097110095,-0.1686867914182473,0.0,1,22.520775488973168,19.91806915481498,0,1,0,1,1,0,1,0,0,0,0,0,0,0,0,0,0,0,0,1,0.9943092,72.3
LEN,Lennar Corp.,Consumer Discretionary,59.11,15.35,0.26268265,3.38,72.17,43.647053,14615967194.0,1405319000.0,1.1468264,1.76,14.615967194,1.405319,10.400462239534226,45.78769507933384,Large-cap,2026-04-25T14:52:57.872278,0,2023.0,29.4,,unlabeled,0.2916666666666667,0.1309523809523809,0.2023809523809523,0.5238095238095238,0.5357142857142857,0.2857142857142857,-0.3281934435853819,-0.341999075390687,-0.771754842171979,0.0,3,23.40538041156147,21.063530160935947,1,0,0,0,1,1,1,0,0,0,0,0,0,0,0,0,0,1,0,0,0.98624295,81.8
LUK,Leucadia National Corp.,Financials,23.86,15.39,1.5993602,0.33,28.3,22.23,8910389431.0,2201336000.0,1.0410156,0.84,8.910389431,2.201336,4.047718944768087,73.14662273476114,Mid-cap,2026-04-25T14:52:57.872278,0,2023.0,13.0,,unlabeled,0.4117647058823529,0.0441176470588235,0.0735294117647058,0.0147058823529411,0.088235294117647,0.2794117647058823,-0.2398019329568406,-0.2218580695959376,-0.8889635998999388,0.0,4,22.910483784769166,21.51233028617676,1,0,0,1,1,1,0,0,0,1,0,0,0,0,0,0,0,0,0,1,0.99461466,89.7
LLY,Lilly (Eli) & Co.,Health Care,74.21,17.34,2.9327424,-0.2,89.09,75.71,84475986228.0,3459800000.0,3.754678,5.73,84.475986228,3.4598,24.416436276085324,111.21076233183857,Large-cap,2026-04-25T14:52:57.872278,0,2021.5,63.0,,none,0.360655737704918,0.7213114754098361,0.4426229508196721,0.819672131147541,0.8360655737704918,0.9344262295081968,-0.2325033620027891,-0.1274484113812148,-0.2804303463157886,0.0,2,25.15973314428181,21.964476621166185,0,1,0,1,0,0,0,0,0,0,1,0,0,0,0,0,0,1,0,0,0.016222296,25.5
LNC,Lincoln National,Financials,73.86,9.49,1.6813145,9.24,86.68,61.45,17123031000.0,0.0,1.201944,1.04,17.123031,0.0,13.333242399935546,50.81252477209674,Large-cap,2026-04-25T14:52:57.872278,0,2023.0,13.0,,unlabeled,0.0588235294117647,0.1617647058823529,0.1323529411764706,0.6323529411764706,0.3382352941176471,0.3676470588235294,-1.0219215614609014,-0.2143320695617537,-0.8272246114874638,0.0,3,23.563690236440426,0.0,1,0,0,0,1,1,0,0,0,1,0,0,0,0,0,0,0,1,0,0,0.8979734,78.4
LKQ,LKQ Corporation,Consumer Discretionary,38.86,21.35,0.0,1.5,43.8599,27.85,12469931896.0,1065614000.0,1.723609,3.02,12.469931896,1.065614,11.702109671982535,31.23005140569275,Large-cap,2026-04-25T14:52:57.872278,0,2023.0,29.4,,unlabeled,0.6666666666666666,0.3571428571428571,0.4761904761904761,0.6428571428571429,0.4166666666666667,0.1309523809523809,-0.1084587685122883,-0.3088336751490277,-0.3780327704098124,0.0,2,23.24658613527621,20.786816996740654,1,0,0,0,1,0,1,0,0,0,0,0,0,0,0,0,0,1,0,0,0.96544003,74.1
LMT,Lockheed Martin Corp.,Industrials,334.3,24.28,2.315954,6.83,361.79,256.4,98102120000.0,7115000000.0,1.8781451,45.55,98.10212,7.115,13.788070274068868,26.08406869721985,Large-cap,2026-04-25T14:52:57.872278,0,2023.0,76.75,,unlabeled,0.6865671641791045,0.9701492537313432,0.4029850746268656,0.6417910447761194,0.9104477611940298,0.8656716417910447,0.5494698235979157,1.548702795830729,-0.429535892198269,0.3742442222653027,1,25.309274813895843,22.68547106862877,0,0,1,0,1,0,0,0,0,0,0,1,0,0,0,0,0,1,0,0,0.026967911,19.3
L,Loews Corp.,Financials,46.05,15.99,4.5131636,1.93,53.59,45.01,16111166935.0,0.0,1.5809761,0.85,16.111166935,0.0,13.333242399935546,87.8787878787879,Large-cap,2026-04-25T14:52:57.872278,0,2023.0,13.0,,unlabeled,0.4558823529411764,0.0661764705882353,0.25,0.6323529411764706,0.2941176470588235,0.9705882352941176,-0.1602643436174447,-0.2214817695942284,-0.6818117544040905,0.0,3,23.502778467017865,0.0,1,1,0,1,1,1,0,0,0,1,0,0,0,0,0,0,0,1,0,0,0.9816405,85.8
LOW,Lowe's Cos.,Consumer Discretionary,95.01,23.87,1.6413131,3.46,108.98,70.76,82909678852.0,7858000000.0,1.5653384,14.1,82.909678852,7.858,10.550989927716977,36.551543694400834,Large-cap,2026-04-25T14:52:57.872278,0,2023.0,29.4,,none,0.7142857142857143,0.8809523809523809,0.369047619047619,0.5714285714285714,0.9047619047619048,0.5595238095238095,-0.016170204981589,-0.0171887269922143,-0.4860710998099039,0.0,1,25.14101764562596,22.78479795820994,0,0,0,0,1,0,1,0,0,0,0,0,0,0,0,0,0,1,0,0,0.011850747,17.7
LYB,LyondellBasell,Materials,105.79,10.35,3.264714,12.25,121.95,78.01,43556650000.0,6851000000.0,1.3037612,5.86,43.55665,6.851,6.357706904101591,36.777423759672274,Large-cap,2026-04-25T14:52:57.872278,1,2023.0,63.0,,rumoured,0.08,0.76,0.16,0.08,0.92,1.0,-0.5913874656247371,0.3585691113498948,-1.0236392946216966,-1.0842332849599472,3,24.49732822665894,22.647660464113137,1,1,0,0,1,0,0,0,0,0,0,0,0,1,0,0,0,1,0,0,0.90006506,80.5
MTB,M&T Bank Corp.,Financials,178.35,18.91,1.6218846,8.69,193.85,141.12,27840827434.0,0.0,4.6277885,1.79,27.840827434,0.0,13.333242399935546,29.39503129148493,Large-cap,2026-04-25T14:52:57.872278,0,2023.0,13.0,,unlabeled,0.7058823529411765,0.5882352941176471,0.8529411764705882,0.6323529411764706,0.5294117647058824,0.3088235294117647,0.2268185911676158,-0.1861095694335642,0.4870752503668782,0.0,0,24.049769393055737,0.0,0,0,1,0,1,1,0,0,0,1,0,0,0,0,0,0,0,1,0,0,0.81576735,55.3
MAC,Macerich,Real Estate,58.36,14.81,4.9177604,3.43,69.73,52.12,8473119166.0,503183000.0,11.394877,2.24,8.473119166,0.503183,16.839040997013015,64.56558773424192,Mid-cap,2026-04-25T14:52:57.872278,0,2024.0,28.0,,unlabeled,0.303030303030303,0.4545454545454545,0.6060606060606061,0.7272727272727273,0.1212121212121212,0.7878787878787878,-0.2379576451278722,-0.2435176720122006,0.3533933947188084,0.0,2,22.8601645383858,20.036464480983383,1,1,0,0,1,0,0,0,0,0,0,0,0,0,1,0,0,0,0,1,0.99032634,80.2
M,Macy's Inc.,Consumer Discretionary,24.0,7.67,6.098546,1.98,33.73,17.405,7541063495.0,2446000000.0,0.45503208,1.69,7.541063495,2.446,3.083018599754701,59.601837672281775,Mid-cap,2026-04-25T14:52:57.872278,0,2023.0,29.4,,unlabeled,0.0595238095238095,0.119047619047619,0.0238095238095238,0.0476190476190476,0.0952380952380952,0.988095238095238,-0.6094538276789415,-0.3438415976263347,-1.2439859616677806,0.0,4,22.743629056234905,21.61771987462022,1,1,0,0,1,1,1,0,0,0,0,0,0,0,0,0,0,0,0,1,0.99332494,94.0
MRO,Marathon Oil Corp.,Energy,15.68,-32.0,1.2247398,-2.65,19.52,10.55,13875005314.0,2266000000.0,4.6578755,2.1900000000000004,13.875005314,2.266,6.123126793468667,42.80936454849499,Large-cap,2026-04-25T14:52:57.872278,1,2024.0,22.5,ConocoPhillips,completed,0.125,0.515625,0.71875,0.25,0.3125,0.375,-1.1119208190482932,-0.2165251478618201,0.3483699080684942,-0.3107304043106992,2,23.3533548796419,21.541281999993533,1,0,0,0,0,0,0,0,1,0,0,0,0,0,0,0,0,1,0,0,0.9983949,77.2
MPC,Marathon Petroleum,Energy,62.79,16.06,2.8268552,6.85,73.53,47.39,31633740000.0,5978000000.0,0.42713487,2.43,31.63374,5.978,5.29169287387086,41.08645753634278,Large-cap,2026-04-25T14:52:57.872278,0,2023.0,19.75,,unlabeled,0.28125,0.625,0.09375,0.21875,0.625,0.6875,-0.37766479820922,-0.0016895921310079,-1.1738008325686382,-0.3485765911690794,3,24.17749010948068,22.51135190097544,1,1,0,0,1,0,0,0,1,0,0,0,0,0,0,0,0,1,0,0,0.78684056,73.7
MAR,Marriott Int'l.,Consumer Discretionary,133.88,32.73,0.9452879,2.67,149.21,85.3725,50910130358.0,2620000000.0,2.9997249,11.02,50.910130358,2.62,19.43134746488549,24.014098296455863,Large-cap,2026-04-25T14:52:57.872278,0,2023.0,29.4,,unlabeled,0.9047619047619048,0.8571428571428571,0.7380952380952381,0.9285714285714286,0.8452380952380952,0.3452380952380952,0.3083046652096788,-0.0982597053607148,0.4930666628196951,0.0,0,24.653327765434867,21.686440155101096,0,0,1,0,1,0,1,0,0,0,0,0,0,0,0,0,0,1,0,0,0.65414995,45.9
MMC,Marsh & McLennan,Financials,79.31,20.23,1.8257059,2.87,86.54,69.33,41819440000.0,3236000000.0,2.9848945,5.85,41.81944,3.236,12.9231891223733,42.01045903544451,Large-cap,2026-04-25T14:52:57.872278,0,2023.0,13.0,,none,0.75,0.9411764705882352,0.5294117647058824,0.1176470588235294,0.6911764705882353,0.4411764705882353,0.401801287714287,-0.0333317687396315,-0.1432088612562056,0.0,1,24.45662714015901,21.89760383645168,0,1,0,0,1,0,0,0,0,1,0,0,0,0,0,0,0,1,0,0,0.005984958,17.3
MLM,Martin Marietta Materials,Materials,208.42,30.38,0.8042038,6.63,244.32,191.09,13756812736.0,975223000.0,4.416998,3.03,13.756812736,0.975223,14.106325154349314,67.44317114409169,Large-cap,2026-04-25T14:52:57.872278,0,2023.0,63.0,,unlabeled,0.88,0.36,0.84,0.76,0.36,0.16,0.5447163438207604,-0.5887335259915936,1.0031788229451684,0.2891048087416383,1,23.344800010135195,20.69817672178428,0,0,0,0,1,0,0,0,0,0,0,0,0,1,0,0,0,1,0,0,0.9881237,69.9
MAS,Masco Corp.,Industrials,40.7,22.12,0.98383695,1.47,46.445,31.29,13428792315.0,1179000000.0,2.308266,11.93,13.428792315,1.179,11.389985,37.90828109534805,Large-cap,2026-04-25T14:52:57.872278,1,2024.0,76.75,,rumoured,0.5522388059701493,0.9402985074626866,0.5970149253731343,0.4477611940298507,0.3134328358208955,0.3134328358208955,0.1234128536499394,0.1149113324858395,-0.1638029646901792,-0.0190273115989102,1,23.320666919089646,20.88793245934982,0,0,0,0,1,0,0,0,0,0,0,1,0,0,0,0,0,1,0,0,0.9966781,70.6
MA,Mastercard Inc.,Information Technology,160.62,34.99,0.5926628,3.65,177.11,105.8,187102014193.0,7113000000.0,15.020556,26.93,187.102014193,7.113,26.30423368381836,23.124386481559394,Large-cap,2026-04-25T14:52:57.872278,0,2020.0,27.5,,none,0.8,0.9571428571428572,0.9571428571428572,0.8714285714285714,0.8714285714285714,0.3857142857142857,0.0520717513956622,0.667649945170181,2.315340075492533,0.3626002064647411,0,25.954919835502555,22.685189932838377,0,0,1,0,1,0,0,0,0,0,0,0,1,0,0,0,0,1,0,0,0.015028041,10.9
MAT,Mattel Inc.,Consumer Discretionary,16.0,-14.68,0.0,-3.06,26.3,12.71,5843402350.0,-203599000.0,1.1863722,3.87,5.84340235,-0.203599,-25.20615748198214,75.79102281089037,Mid-cap,2026-04-25T14:52:57.872278,1,2017.0,29.4,MGA bid 2017,completed,0.0119047619047619,0.4761904761904761,0.2261904761904762,0.0119047619047619,0.0595238095238095,0.1309523809523809,-1.4279654923262148,-0.2864601908590194,-0.7447601750209721,0.0,4,22.48857905849366,0.0,1,0,0,1,0,0,1,0,0,0,0,0,0,0,0,0,0,0,0,1,0.997336,88.1
MKC,McCormick & Co.,Consumer Staples,101.36,23.91,2.0261056,3.73,109.67,90.25,13459353253.0,815700000.0,2.7788277,5.2,13.459353253,0.8157,16.500371770258674,42.79093717816684,Large-cap,2026-04-25T14:52:57.872278,0,2022.0,18.7,,unlabeled,0.7352941176470589,0.4705882352941176,0.6176470588235294,0.8823529411764706,0.1470588235294117,0.3529411764705882,0.2763758916772384,-0.3351149087604314,-0.0376869934376792,0.2856184328587254,1,23.32294011052864,20.51955719949675,0,0,0,0,1,0,0,1,0,0,0,0,0,0,0,0,0,1,0,0,0.9849283,71.0
MCD,McDonald's Corp.,Consumer Discretionary,158.97,23.83,2.437994,6.36,178.7,124.36,132101623787.0,10515400000.0,5.770237,146.07,132.101623787,10.5154,12.562681760750898,36.308428413691566,Large-cap,2026-04-25T14:52:57.872278,0,2023.0,29.4,,none,0.7023809523809523,0.9761904761904762,0.9761904761904762,0.7261904761904762,0.9523809523809524,0.7380952380952381,-0.0176351028154098,3.456492122128243,2.3842675483078333,0.0,0,25.60683734051118,23.0761066863666,0,1,0,0,1,0,1,0,0,0,0,0,0,0,0,0,0,1,0,0,0.008331739,12.2
MCK,McKesson Corp.,Health Care,150.23,11.68,0.8898776,22.74,178.86,133.82,31534840262.0,7232000000.0,0.4081934384,2.68,31.534840262,7.232,4.360459107024337,63.56571936056841,Large-cap,2026-04-25T14:52:57.872278,0,2021.5,63.0,,unlabeled,0.1147540983606557,0.2295081967213114,0.0327868852459016,0.081967213114754,0.4918032786885246,0.6229508196721312,-0.4425709946251242,-0.249140377426389,-1.1575043890589545,0.0,4,24.17435881166153,22.70178146017456,1,0,0,0,1,0,0,0,0,0,1,0,0,0,0,0,0,1,0,0,0.8636954,82.2
MDT,Medtronic plc,Health Care,78.38,17.04,2.2618315,2.89,89.72,75.44,110107062300.0,9204000000.0,4.944542,2.14,110.1070623,9.204,11.962957659713169,79.41176470588238,Large-cap,2026-04-25T14:52:57.872278,0,2021.5,63.0,,none,0.3114754098360656,0.0983606557377049,0.6065573770491803,0.360655737704918,0.9016393442622952,0.8360655737704918,-0.2436376888202274,-0.2706858402671739,0.031418941970064,0.0,3,25.42471902304113,22.94290400922818,0,1,0,1,1,0,0,0,0,0,1,0,0,0,0,0,0,1,0,0,0.026347347,31.7
MRK,Merck & Co.,Health Care,54.73,13.75,3.435934,1.4,66.8,53.63,152241530340.0,8715000000.0,5.0893345,4.02,152.24153034,8.715,17.468907669535284,91.64768413059988,Large-cap,2026-04-25T14:52:57.872278,0,2021.5,63.0,,none,0.180327868852459,0.5737704918032787,0.6229508196721312,0.5081967213114754,0.9344262295081968,0.9836065573770492,-0.3657441395848003,-0.1956757103770338,0.0693673445388695,0.0,1,25.748734112044843,22.88831151603314,0,1,0,1,1,0,0,0,0,0,1,0,0,0,0,0,0,1,0,0,0.03485339,21.0
MET,MetLife Inc.,Financials,44.28,8.52,3.4587116,0.63,56.58,44.58,48679364276.0,0.0,1.0496864,0.85,48.679364276,0.0,13.333242399935546,102.49999999999996,Large-cap,2026-04-25T14:52:57.872278,0,2023.0,13.0,,unlabeled,0.0441176470588235,0.0661764705882353,0.088235294117647,0.6323529411764706,0.7647058823529411,0.8970588235294118,-1.150507330892925,-0.2214817695942284,-0.885637111718071,0.0,3,24.60852104575697,0.0,1,1,0,1,1,0,0,0,0,1,0,0,0,0,0,0,0,1,0,0,0.39174384,52.7
MTD,Mettler Toledo,Health Care,601.0,35.56,0.0,14.24,697.26,459.34,16420774443.0,666706000.0,8.372307,31.69,16.420774443,0.666706,24.62970851169781,40.45897780766644,Large-cap,2026-04-25T14:52:57.872278,0,2021.5,63.0,,unlabeled,0.918032786885246,0.9836065573770492,0.8688524590163934,0.8360655737704918,0.2622950819672131,0.2131147540983606,0.4437214200429609,0.9083297651868908,0.9297956267518168,0.0,0,23.5218131045357,20.31785972859773,0,0,0,0,1,0,0,0,0,0,1,0,0,0,0,0,0,1,0,0,0.9482668,60.7
MGM,MGM Resorts International,Consumer Discretionary,33.5,29.65,1.2687428,1.92,38.41,25.15,19633674337.0,2680385000.0,2.2276719,3.09,19.633674337,2.680385,7.324945609306126,37.02865761689289,Large-cap,2026-04-25T14:52:57.872278,1,2022.0,8.5,Amazon/MGM,completed,0.8452380952380952,0.369047619047619,0.6190476190476191,0.25,0.5833333333333334,0.4761904761904761,0.1955075320054909,-0.3069911529133799,-0.0339504605647413,0.0,2,23.700512007443752,21.70922627824104,1,0,0,0,1,0,1,0,0,0,0,0,0,0,0,0,0,1,0,0,0.9738903,76.0
KORS,Michael Kors Holdings,Consumer Discretionary,60.03,14.29,0.0,3.31,69.95,32.38,10053919023.0,456600000.0,3.1455927,5.4,10.053919023,0.4566,22.019095538764784,26.404045781208414,Large-cap,2026-04-25T14:52:57.872278,1,2018.0,29.4,Versace/Capri merger,completed,0.238095238095238,0.6666666666666666,0.7738095238095238,0.9642857142857144,0.2857142857142857,0.1309523809523809,-0.3670132361816284,-0.2461879191370046,0.5926386201210931,0.0,1,23.031228348076542,19.93931829425007,0,0,1,0,1,0,1,0,0,0,0,0,0,0,0,0,0,1,0,0,0.99445134,69.3
MCHP,Microchip Technology,Information Technology,79.9,21.77,1.7512966,0.66,99.17,69.76,19393095636.0,997492000.0,7.4475183,5.9,19.393095636,0.997492,19.441855810372413,65.52193131587894,Large-cap,2026-04-25T14:52:57.872278,0,2020.0,27.5,,unlabeled,0.4428571428571428,0.5285714285714286,0.8,0.7142857142857143,0.4,0.7,-0.284099556934014,-0.1923337347285432,0.4114926169797516,0.0166174788526649,1,23.68818294467004,20.72075468764852,0,0,0,0,1,0,0,0,0,0,0,0,1,0,0,0,0,1,0,0,0.97218037,70.1
MU,Micron Technology,Information Technology,40.0,9.01,0.0,4.36,49.89,22.64,48576791974.0,12541000000.0,2.1912806,2.02,48.576791974,12.541,3.873438479706562,36.293577981651374,Large-cap,2026-04-25T14:52:57.872278,0,2020.0,27.5,,unlabeled,0.0428571428571428,0.1142857142857142,0.1714285714285714,0.0285714285714285,0.6714285714285714,0.1714285714285714,-0.608573527757514,-0.3509992924083839,-0.9099156715969804,-0.7683004595065211,4,24.60641172241984,23.252269113868063,1,0,0,0,1,0,0,0,0,0,0,0,1,0,0,0,0,1,0,0,0.518341,62.5
MSFT,Microsoft Corp.,Information Technology,85.01,25.76,1.8747908,2.97,96.07,63.22,689978437468.0,41079000000.0,7.1130967,9.49,689.978437468,41.079,16.796378623335524,33.668188736681856,Mega-cap,2026-04-25T14:52:57.872278,0,2020.0,27.5,,none,0.5428571428571428,0.7285714285714285,0.7571428571428571,0.6,0.9571428571428572,0.7142857142857143,-0.1826378685652236,-0.0455272006897215,0.3274196546555606,-0.1167604012183623,0,27.25992618400449,24.43876287898896,0,0,0,0,1,0,0,0,0,0,0,0,1,0,0,0,0,0,1,0,0.0035486827,12.0
MAA,Mid-America Apartments,Real Estate,85.39,14.38,4.19652,2.86,110.95,86.95,9992628990.0,871483000.0,6.6291075,1.6,9.99262899,0.871483,11.466235130232027,106.5,Mid-cap,2026-04-25T14:52:57.872278,0,2024.0,28.0,,unlabeled,0.2727272727272727,0.1515151515151515,0.2121212121212121,0.3636363636363636,0.303030303030303,0.7272727272727273,-0.2513346318340148,-0.2849141082074491,-0.8025213751797942,0.0,4,23.025113557248023,20.585706917283744,1,1,0,1,1,1,0,0,0,0,0,0,0,0,1,0,0,0,0,1,0.96832466,90.9
MHK,Mohawk Industries,Consumer Discretionary,256.57,19.08,0.0,12.48,286.85,209.9,19897356456.0,1750393000.0,2.7977824,2.88,19.897356456,1.750393,11.367365189417464,39.35022742040289,Large-cap,2026-04-25T14:52:57.872278,0,2023.0,29.4,,unlabeled,0.5238095238095238,0.3333333333333333,0.6904761904761905,0.6309523809523809,0.6071428571428571,0.1309523809523809,-0.1915917205816088,-0.3125187196203232,0.3552171169477646,0.0,1,23.71385271849588,21.28310617166932,0,0,0,0,1,0,1,0,0,0,0,0,0,0,0,0,0,1,0,0,0.9692472,68.2
TAP,Molson Coors Brewing Company,Consumer Staples,74.51,17.66,2.1533613,9.27,102.14,75.79,12396862128.0,4708400000.0,1.2371694,1.34,12.396862128,4.7084,2.632924587545664,104.85768500948768,Large-cap,2026-04-25T14:52:57.872278,1,2022.0,18.7,,rumoured,0.2941176470588235,0.0588235294117647,0.2647058823529412,0.0294117647058823,0.088235294117647,0.3823529411764705,-0.6109164029505484,-0.4083054360754752,-0.6515828490637218,-1.1170850292975705,4,23.240709223420904,22.272613984714987,1,1,0,1,1,1,0,1,0,0,0,0,0,0,0,0,0,1,0,0,0.98673207,89.9
MDLZ,Mondelez International,Consumer Staples,42.68,19.85,1.9977299,1.91,47.23,39.19,65827817742.0,4355000000.0,2.5708609,2.52,65.827817742,4.355,15.11545757566016,56.592039800995,Large-cap,2026-04-25T14:52:57.872278,0,2022.0,18.7,,none,0.4117647058823529,0.2058823529411764,0.5588235294117647,0.8235294117647058,0.7058823529411765,0.3235294117647059,-0.3000091829129717,-0.3859311297978193,-0.1205003877078686,0.1455332455883253,2,24.910308347990657,22.194590447480497,0,1,0,0,1,0,0,1,0,0,0,0,0,0,0,0,0,1,0,0,0.072906844,27.6
MON,Monsanto Co.,Materials,119.08,21.53,1.7938709,5.09,123.15,106.97,53076824328.0,4217000000.0,3.589782,7.96,53.076824328,4.217,12.586394196822386,25.15451174289249,Large-cap,2026-04-25T14:52:57.872278,1,2018.0,63.0,Bayer,completed,0.44,0.88,0.64,0.56,0.96,0.56,0.0427433676054508,1.0615145312852747,0.464634380729532,0.0197175429925065,1,24.69500621660633,22.162389811947968,0,1,1,0,1,0,0,0,0,0,0,0,0,1,0,0,0,1,0,0,0.88665354,65.8
MNST,Monster Beverage,Consumer Staples,61.99,42.17,0.0,1.19,70.215,41.02,36403831015.0,1229478000.0,14.152587,9.56,36.403831015,1.229478,29.609176426906377,28.172632300051383,Large-cap,2026-04-25T14:52:57.872278,0,2022.0,18.7,,unlabeled,1.0,0.6764705882352942,1.0,0.9705882352941176,0.5588235294117647,0.0294117647058823,2.8686890596617807,-0.2524437431921437,4.491399443652926,1.6115845919029272,0,24.317939853743265,20.92985552682116,0,0,1,0,1,0,0,1,0,0,0,0,0,0,0,0,0,1,0,0,0.91701144,59.3
MCO,Moody's Corp,Financials,152.14,26.55,1.114065,1.35,167.23,106.48,30189978000.0,1238000000.0,9.932974,73.84,30.189978,1.238,24.38608885298869,24.83950617283952,Large-cap,2026-04-25T14:52:57.872278,0,2023.0,13.0,,none,0.8823529411764706,0.9852941176470588,0.9705882352941176,0.2352941176470588,0.5588235294117647,0.1617647058823529,1.239597228755925,2.5251319428811763,2.5223703636627848,0.0,1,24.130775851979894,20.93676301201657,0,0,1,0,1,0,0,0,0,1,0,0,0,0,0,0,0,1,0,0,0.08646767,20.9
MS,Morgan Stanley,Financials,51.79,14.23,1.8331805,3.09,58.05,40.06,97535400000.0,0.0,2.2258842,1.33,97.5354,0.0,13.333242399935546,34.79710950528071,Large-cap,2026-04-25T14:52:57.872278,0,2023.0,13.0,,none,0.3088235294117647,0.3088235294117647,0.4117647058823529,0.6323529411764706,0.9264705882352942,0.4705882352941176,-0.393574605679673,-0.2034193695121871,-0.4343975396787151,0.0,3,25.303481225987067,0.0,0,1,0,0,1,0,0,0,0,1,0,0,0,0,0,0,0,1,0,0,0.026764685,31.3
MSI,Motorola Solutions Inc.,Information Technology,98.74,19.03,2.0266979,-1.08,107.78,77.23,16626039679.0,1629000000.0,2.6092634,6.81,16.626039679,1.629,10.206285868017188,29.59083469721769,Large-cap,2026-04-25T14:52:57.872278,0,2020.0,27.5,,unlabeled,0.3714285714285714,0.5857142857142857,0.2428571428571428,0.2428571428571428,0.3285714285714285,0.7428571428571429,-0.3537750020794991,-0.1551209364067249,-0.8048355804887508,-0.4490152418508394,3,23.534235958675826,21.211232167180192,1,1,1,0,0,0,0,0,0,0,0,0,1,0,0,0,0,1,0,0,0.9898858,83.8
MYL,Mylan N.V.,Health Care,39.25,8.35,0.0,0.93,47.82,29.39,21698849265.0,3113300000.0,2.5358944,1.63,21.698849265,3.1133,6.969726420518421,46.5002712967987,Large-cap,2026-04-25T14:52:57.872278,1,2020.0,50.0,Viatris merger,completed,0.0491803278688524,0.0491803278688524,0.3114754098360656,0.180327868852459,0.4098360655737705,0.2131147540983606,-0.5661620222986888,-0.2910343329501375,-0.5998591198852633,0.0,4,23.800525066870136,21.858949094144823,1,0,0,0,1,1,0,0,0,0,1,0,0,0,0,0,0,1,0,0,0.9851193,87.9
NDAQ,"Nasdaq, Inc.",Financials,75.21,17.78,1.9671283,4.32,83.29,65.98,12844304115.0,1212000000.0,3.2591083,2.25,12.844304115,1.212,10.597610655940594,46.67822068168695,Large-cap,2026-04-25T14:52:57.872278,0,2023.0,13.0,,unlabeled,0.6323529411764706,0.7205882352941176,0.5735294117647058,0.088235294117647,0.2205882352941176,0.5441176470588235,0.0770227979117534,-0.1687997693549413,-0.0380087684152859,0.0,1,23.276166290563875,20.915537725418616,0,1,0,0,1,0,0,0,0,1,0,0,0,0,0,0,0,1,0,0,0.9883835,71.1
NOV,National Oilwell Varco Inc.,Energy,32.64,-53.6096,0.5873715,-6.4,41.895,29.9,12940096785.0,353000000.0,2.5209634,0.91,12.940096785,0.353,36.65749797450425,77.15714881200499,Large-cap,2026-04-25T14:52:57.872278,1,2023.0,19.75,,rumoured,0.0625,0.0625,0.4375,0.96875,0.25,0.21875,-1.4420701929127135,-1.362314778426153,-0.4204659432404645,1.079169009318737,3,23.283596605589334,19.681978617730437,1,0,0,1,0,1,0,0,1,0,0,0,0,0,0,0,0,1,0,0,0.9904574,82.3
NAVI,Navient,Financials,13.38,7.56,4.5584044,1.01,16.97,11.481,3692691330.0,0.0,0.6986579,1.02,3.69269133,0.0,13.333242399935546,65.40353434141008,Mid-cap,2026-04-25T14:52:57.872278,1,2023.0,13.0,,rumoured,0.0294117647058823,0.1470588235294117,0.0147058823529411,0.6323529411764706,0.0147058823529411,0.9852941176470588,-1.2777674738359588,-0.2150846695651721,-1.0203065951277634,0.0,3,22.029621387141145,0.0,1,1,0,0,1,1,0,0,0,1,0,0,0,0,0,0,0,0,0,1,0.99048233,85.8
NTAP,NetApp,Information Technology,55.85,26.1,1.3881658,1.81,64.0599,37.43,15375210915.0,1075000000.0,3.6687026,5.46,15.375210915,1.075,14.302521781395347,30.82963135422964,Large-cap,2026-04-25T14:52:57.872278,0,2020.0,27.5,,unlabeled,0.5857142857142857,0.4571428571428571,0.3714285714285714,0.5,0.2714285714285714,0.6,-0.1739920104084846,-0.2103267361149169,-0.5384945548302076,-0.2424939892487209,2,23.45602236865872,20.79558649945627,1,0,0,0,1,0,0,0,0,0,0,0,1,0,0,0,0,1,0,0,0.96623003,75.6
NFLX,Netflix Inc.,Information Technology,250.1,200.0692,0.0,1.25,286.81,138.26,114805404842.0,809028000.0,9.861594,30.8,114.805404842,0.809028,141.9053541311302,24.71221810838102,Large-cap,2026-04-25T14:52:57.872278,0,2020.0,27.5,,none,0.9928571428571428,0.9714285714285714,0.8571428571428571,1.0,0.8285714285714286,0.1714285714285714,4.249869833242583,0.8259065710003314,1.0183867152492567,6.190899333235079,0,25.46650440023756,20.51134408629029,0,0,1,0,1,0,0,0,0,0,0,0,1,0,0,0,0,1,0,0,0.045580883,11.8
NWL,Newell Brands,Consumer Discretionary,27.91,9.72,3.1228786,1.17,55.08,23.85,14438346000.0,2021400000.0,1.2810479,1.01,14.438346,2.0214,7.142745621846245,86.99967979506886,Large-cap,2026-04-25T14:52:57.872278,1,2023.0,29.4,Multiple sales 2023-24,completed,0.0952380952380952,0.0357142857142857,0.2619047619047619,0.2261904761904762,0.5119047619047619,0.8809523809523809,-0.5343778136956346,-0.3617403850583414,-0.6801328566005945,0.0,4,23.39315342098352,21.427056178099544,1,1,0,1,1,1,1,0,0,0,0,0,0,0,0,0,0,1,0,0,0.99574727,91.4
NFX,Newfield Exploration Co,Energy,26.38,13.12,0.0,-6.5,43.74,24.41,5695123080.0,896000000.0,4.703259,4.51,5.69512308,0.896,6.356164151785714,89.80858768753234,Mid-cap,2026-04-25T14:52:57.872278,0,2023.0,19.75,,unlabeled,0.25,0.9375,0.78125,0.34375,0.09375,0.0625,-0.4225818331918849,1.860218557536032,0.3646983578245137,-0.3001227357997529,2,22.46287604572791,20.61345097205528,1,0,0,1,0,0,0,0,1,0,0,0,0,0,0,0,0,0,0,1,0.9982699,75.6
NEM,Newmont Mining Corporation,Materials,36.61,26.34,0.8101539,-1.18,42.04,31.42,19749449484.0,1509000000.0,3.7076392,1.81,19.749449484,1.509,13.087773017892644,51.12994350282487,Large-cap,2026-04-25T14:52:57.872278,0,2023.0,63.0,,unlabeled,0.76,0.16,0.68,0.64,0.56,0.2,0.3155670981812292,-0.9971113413826238,0.5413632399816459,0.1085801778666614,1,23.70639145372784,21.13471301739481,0,0,0,0,0,1,0,0,0,0,0,0,0,1,0,0,0,1,0,0,0.96834725,69.0
NWSA,News Corp. Class A,Consumer Discretionary,15.65,43.47,1.24533,-1.28,17.29,12.0,9356906461.0,679000000.0,1.5518167,0.85,9.356906461,0.679,13.78042188659794,31.001890359168225,Mid-cap,2026-04-25T14:52:57.872278,0,2023.0,29.4,,unlabeled,0.9285714285714286,0.0119047619047619,0.3571428571428571,0.8452380952380952,0.25,0.4642857142857143,0.7016297335905163,-0.3659518644541076,-0.4953012529694243,0.0,2,22.95938056661012,20.336131686995724,1,0,0,0,0,1,1,0,0,0,0,0,0,0,0,0,0,0,0,1,0.992355,76.7
NWS,News Corp. Class B,Consumer Discretionary,15.85,44.03,1.2269939,-1.28,17.7,12.35,9496735699.0,679000000.0,1.5718216,0.86,9.496735699,0.679,13.986355963181149,34.57943925233645,Mid-cap,2026-04-25T14:52:57.872278,0,2023.0,29.4,,unlabeled,0.9404761904761904,0.0238095238095238,0.3809523809523809,0.8571428571428571,0.2619047619047619,0.4404761904761904,0.7221383032640051,-0.3656886469918722,-0.4816455520634071,0.0,2,22.97421396597897,20.336131686995724,1,0,0,0,0,1,1,0,0,0,0,0,0,0,0,0,0,0,0,1,0.9922725,76.7
NEE,NextEra Energy,Utilities,145.29,21.65,2.6537917,11.39,159.64,124.18,69661177770.0,9018000000.0,4.091698,2.75,69.66117777,9.018,7.724681500332668,40.46813310772702,Large-cap,2026-04-25T14:52:57.872278,0,2018.0,14.6,,none,0.9642857142857144,0.8928571428571429,0.9642857142857144,0.9285714285714286,1.0,0.1428571428571428,1.1231729938093635,0.6116947691161565,1.4423023261891663,0.7064313049255518,0,24.9669090091631,22.922488417056197,0,1,0,0,1,0,0,0,0,0,0,0,0,0,0,0,1,1,0,0,0.0511563,14.6
NLSN,Nielsen Holdings,Industrials,33.9,18.73,3.6208732,1.39,45.73,34.22,13377670080.0,1836000000.0,2.7288198,3.02,13.37767008,1.836,7.286312679738562,102.78019113814074,Large-cap,2026-04-25T14:52:57.872278,0,2023.0,76.75,,unlabeled,0.2388059701492537,0.2388059701492537,0.6567164179104478,0.1194029850746268,0.2985074626865671,1.0,-0.5452598908517455,-0.2650732581864676,0.0960193142287286,-0.6920048430138259,3,23.31685274202892,21.33085512968937,1,1,0,1,1,0,0,0,0,0,0,1,0,0,0,0,0,1,0,0,0.9973546,85.7
NKE,Nike,Consumer Discretionary,62.49,24.9,1.2189548,2.51,68.83,50.35,106776113744.0,5162000000.0,3.0549932,8.91,106.776113744,5.162,20.685027846571096,34.30735930735929,Large-cap,2026-04-25T14:52:57.872278,0,2023.0,29.4,,none,0.7380952380952381,0.8095238095238095,0.75,0.9523809523809524,0.9404761904761904,0.4285714285714285,0.0215509142392918,-0.1537985898923823,0.5307937883931313,0.0,0,25.39400008438517,22.36458993843656,0,0,0,0,1,0,1,0,0,0,0,0,0,0,0,0,0,1,0,0,0.0072404477,10.9
NI,NiSource Inc.,Utilities,22.51,19.57,3.3780859,1.02,27.76,21.93,7776566371.0,1448600000.0,2.2361343,1.82,7.776566371,1.4486,5.36833243890653,90.05145797598625,Mid-cap,2026-04-25T14:52:57.872278,0,2018.0,14.6,,unlabeled,0.7321428571428571,0.4464285714285714,0.3928571428571428,0.4285714285714285,0.1071428571428571,0.25,0.6368265613970415,-0.2727323151583976,-0.3061982528460947,-0.1384970865774547,3,22.774380737357493,21.09386341041582,1,1,0,1,1,1,0,0,0,0,0,0,0,0,0,0,1,0,0,1,0.99363774,85.1
NBL,Noble Energy Inc,Energy,25.43,105.96,1.4771049,-2.32,39.6,22.985,13177325251.0,-518000000.0,4.6976447,1.44,13.177325251,-0.518,-25.20615748198214,85.284381582907,Large-cap,2026-04-25T14:52:57.872278,1,2020.0,13.0,Chevron,completed,0.875,0.1875,0.75,0.03125,0.28125,0.4375,0.9958186864647848,-0.887886259520609,0.3626783986881485,-1.736813606932007,2,23.30176340551673,0.0,1,0,0,1,0,1,0,0,1,0,0,0,0,0,0,0,0,1,0,0,0.99658966,77.3
JWN,Nordstrom,Consumer Discretionary,47.23,15.04,3.0020285,2.02,53.0,37.7924,8212509855.0,1448000000.0,0.74603415,9.1,8.212509855,1.448,5.671622828038674,37.94155553802049,Mid-cap,2026-04-25T14:52:57.872278,1,2023.0,29.4,Family takeover attempt,completed,0.25,0.8214285714285714,0.0833333333333333,0.1428571428571428,0.1547619047619047,0.8571428571428571,-0.3395464017974917,-0.1487974581099099,-1.045342767702708,0.0,3,22.828924420878185,21.093449131600543,1,1,0,0,1,0,1,0,0,0,0,0,0,0,0,0,0,0,0,1,0.99586344,84.9
NSC,Norfolk Southern Corp.,Industrials,136.89,20.65,2.018503,18.73,157.1499,109.27,40543547441.0,4737000000.0,3.8525908,3.09,40.543547441,4.737,8.558908051720499,42.31399814953668,Large-cap,2026-04-25T14:52:57.872278,0,2023.0,76.75,,none,0.4328358208955223,0.2686567164179104,0.8059701492537313,0.2537313432835821,0.746268656716418,0.746268656716418,-0.1665425842313226,-0.2620879695953271,0.7902961040306041,-0.483306870785895,3,24.42564247887801,22.27866986109913,1,1,0,0,1,0,0,0,0,0,0,1,0,0,0,0,0,1,0,0,0.048600193,32.3
NTRS,Northern Trust Corp.,Financials,96.2,19.96,1.6678249,4.92,108.91,83.17,22908130223.0,0.0,4.031728,2.44,22.908130223,0.0,13.333242399935546,49.378399378399365,Large-cap,2026-04-25T14:52:57.872278,0,2023.0,13.0,,unlabeled,0.7352941176470589,0.75,0.8088235294117647,0.6323529411764706,0.4705882352941176,0.3529411764705882,0.3660093725115589,-0.1616500693224666,0.2584010554911826,0.0,0,23.854757716113514,0.0,0,0,0,0,1,0,0,0,0,1,0,0,0,0,0,0,0,1,0,0,0.95573896,62.9
NOC,Northrop Grumman Corp.,Industrials,324.01,24.4,1.3030859,11.47,349.18,231.98,58782413951.0,3884000000.0,2.209576,7.96,58.782413951,3.884,15.13450410684861,21.476109215017075,Large-cap,2026-04-25T14:52:57.872278,1,2023.0,76.75,,rumoured,0.7164179104477612,0.8208955223880597,0.5522388059701493,0.746268656716418,0.8208955223880597,0.4029850746268656,0.5731396552616916,-0.054397177611698,-0.2247746185107058,0.5950512571066973,0,24.797108564667937,22.08013138763296,0,0,1,0,1,0,0,0,0,0,0,1,0,0,0,0,0,1,0,0,0.9011464,59.9
NCLH,Norwegian Cruise Line,Consumer Discretionary,56.01,15.35,0.0,2.78,61.48,46.96,13191507318.0,1529401000.0,3.2066104,2.35,13.191507318,1.529401,8.625277031988341,37.672176308539946,Large-cap,2026-04-25T14:52:57.872278,0,2023.0,29.4,,unlabeled,0.2916666666666667,0.2261904761904762,0.8095238095238095,0.3571428571428571,0.4642857142857143,0.1309523809523809,-0.3281934435853819,-0.3264692451187989,0.6342903884964957,0.0,3,23.3028390745536,21.148141993079214,1,0,0,0,1,0,1,0,0,0,0,0,0,0,0,0,0,1,0,0,0.9918297,81.8
NRG,NRG Energy,Utilities,24.0,17.78,1.4195584,-2.23,29.78,14.52,8030036023.0,1774000000.0,0.9933021,6.73,8.030036023,1.774,4.5265141054115,37.87680209698559,Mid-cap,2026-04-25T14:52:57.872278,0,2018.0,14.6,,unlabeled,0.5,1.0,0.0714285714285714,0.2142857142857142,0.1428571428571428,0.0714285714285714,0.2182880450422067,4.396662291065324,-1.4773209803189735,-0.4403522837133199,2,22.80645485107185,21.2965027213975,1,0,0,0,0,0,0,0,0,0,0,0,0,0,0,0,1,0,0,1,0.9970812,77.1
NUE,Nucor Corp.,Materials,60.38,17.01,2.415766,4.1,70.48,51.67,20003317128.0,2648729000.0,0.99837583,2.34,20.003317128,2.648729,7.552043688878704,53.694843168527385,Large-cap,2026-04-25T14:52:57.872278,0,2023.0,63.0,,unlabeled,0.24,0.2,0.04,0.2,0.6,0.8,-0.2136315309813514,-0.8197013068275041,-1.2224550739918556,-0.872553195649696,4,23.719163953197743,21.697345739624843,1,1,0,0,1,0,0,0,0,0,0,0,0,1,0,0,0,1,0,0,0.96824783,89.3
NVDA,Nvidia Corporation,Information Technology,217.52,82.08,0.26223776,2.57,249.27,95.17,138652800000.0,3098000000.0,16.184554639999998,20.39,138.6528,3.098,44.75558424790187,20.603504218040232,Large-cap,2026-04-25T14:52:57.872278,0,2020.0,27.5,,none,0.9571428571428572,0.9285714285714286,0.9857142857142858,0.9571428571428572,0.8428571428571429,0.3571428571428571,1.2495231061040173,0.4002085154727175,2.607967148044455,1.2928679232849722,0,25.65523880354644,21.85402257926388,0,0,1,0,1,0,0,0,0,0,0,0,1,0,0,0,0,1,0,0,0.021841174,10.8
ORLY,O'Reilly Automotive,Consumer Discretionary,252.22,21.91,0.0,10.73,279.23,169.43,21433781860.0,1965187000.0,3.1934319,34.12,21.43378186,1.965187,10.906739083863268,24.59927140255011,Large-cap,2026-04-25T14:52:57.872278,0,2023.0,29.4,,unlabeled,0.6785714285714286,0.9285714285714286,0.7976190476190477,0.6190476190476191,0.6666666666666666,0.1309523809523809,-0.0879501988387996,0.5097726324030388,0.625294509767287,0.0,0,23.788234105943665,21.39885324364296,0,0,1,0,1,0,1,0,0,0,0,0,0,0,0,0,0,1,0,0,0.8460735,55.2
OXY,Occidental Petroleum,Energy,68.47,195.63,4.4081864,-0.75,78.09,57.2,53467692395.0,5205000000.0,6.044895,2.1900000000000004,53.467692395,5.205,10.272371257444764,46.0507419818095,Large-cap,2026-04-25T14:52:57.872278,1,2024.0,19.75,CrownRock acquirer,completed,0.9375,0.515625,0.8125,0.625,0.84375,0.96875,2.3657882534360644,-0.2165251478618201,0.8474032178918727,-0.1218602155881826,0,24.702343427990535,22.372885539205463,0,0,0,0,0,0,0,0,1,0,0,0,0,0,0,0,0,1,0,0,0.9412055,65.2
OMC,Omnicom Group,Consumer Discretionary,75.91,15.27,3.1838684,4.79,86.71,65.32,17377551986.0,2366000000.0,1.5327156,6.66,17.377551986,2.366,7.344696528317836,50.49088359046282,Large-cap,2026-04-25T14:52:57.872278,0,2023.0,29.4,,unlabeled,0.2619047619047619,0.7380952380952381,0.3452380952380952,0.2619047619047619,0.5476190476190477,0.9047619047619048,-0.3311232392530231,-0.2130225188953453,-0.5083400039042416,0.0,3,23.578445094561545,21.58446660292526,1,1,0,0,1,0,1,0,0,0,0,0,0,0,0,0,0,1,0,0,0.98730904,84.8
OKE,ONEOK,Energy,54.4,34.0,5.4436197,1.66,61.36,47.14,21988472489.0,1851783000.0,2.6159565,4.03,21.988472489,1.851783,11.874216627434208,48.9451476793249,Large-cap,2026-04-25T14:52:57.872278,0,2023.0,19.75,,unlabeled,0.59375,0.84375,0.46875,0.6875,0.5,1.0,-0.1035792173966321,1.4305474460744074,-0.3862885426319056,-0.0489455343827566,1,23.813784175253154,21.339414796219057,0,0,0,0,1,0,0,0,1,0,0,0,0,0,0,0,0,1,0,0,0.9907194,74.9
ORCL,Oracle Corp.,Information Technology,46.84,18.81,1.5551463,2.2,53.14,40.01,202302349740.0,16545000000.0,5.2561646,3.56,202.30234974,16.545,12.227401011786036,47.98172124904795,Mega-cap,2026-04-25T14:52:57.872278,0,2020.0,27.5,,none,0.3571428571428571,0.2571428571428571,0.5571428571428572,0.3,0.9,0.6285714285714286,-0.3593693808868009,-0.288023787556076,-0.1394095886764516,-0.3471160251135833,3,26.033029196183648,23.52934977838043,0,0,0,0,1,0,0,0,0,0,0,0,1,0,0,0,0,0,1,0,0.008263165,30.3
PCAR,PACCAR Inc.,Industrials,66.98,15.72,1.455816,4.75,79.69,61.93,24152102921.0,3619200000.0,1.28693,3.07,24.152102921,3.6192,6.673326403901415,71.56531531531529,Large-cap,2026-04-25T14:52:57.872278,0,2023.0,76.75,,unlabeled,0.1044776119402985,0.2537313432835821,0.208955223880597,0.1044776119402985,0.582089552238806,0.4925373134328358,-1.138978168418138,-0.2629409091927958,-0.7947944027937506,-0.7925308983392728,4,23.907637290769493,22.00951884416238,1,0,0,1,1,0,0,0,0,0,0,1,0,0,0,0,0,1,0,0,0.98805827,89.5
PKG,Packaging Corporation of America,Materials,111.95,18.57,2.1514556,7.07,131.1316,88.47,11051273948.0,1214900000.0,1.741522,5.54,11.051273948,1.2149,9.096447401432217,44.9622142629437,Large-cap,2026-04-25T14:52:57.872278,1,2023.0,63.0,,rumoured,0.28,0.72,0.36,0.36,0.2,0.64,-0.1251481589027206,0.251453618788313,-0.7386428174502315,-0.5988284640904808,3,23.12581154776711,20.917927606648085,1,1,0,0,1,0,0,0,0,0,0,0,0,1,0,0,0,1,0,0,0.9952429,84.1
PH,Parker-Hannifin,Industrials,174.51,21.6,1.4401833,7.24,212.8,145.38,24421668509.0,2092089000.0,1.8652664,4.39,24.421668509,2.092089,11.67334110021132,56.79323642835955,Large-cap,2026-04-25T14:52:57.872278,0,2023.0,76.75,,unlabeled,0.5074626865671642,0.4776119402985074,0.3880597014925373,0.4925373134328358,0.5970149253731343,0.4626865671641791,0.0208435831069082,-0.2066468957598614,-0.4374924798774504,0.0274413813057473,3,23.91873662884771,21.46142892574318,1,0,0,0,1,0,0,0,0,0,0,1,0,0,0,0,0,1,0,0,0.9765246,82.6
PDCO,Patterson Companies,Health Care,32.88,14.05,3.0723782,1.79,48.295,32.07,3209792400.0,359644000.0,0.7872792,2.34,3.2097924,0.359644,8.924915750019464,95.00770416024652,Mid-cap,2026-04-25T14:52:57.872278,0,2021.5,63.0,,unlabeled,0.2131147540983606,0.1475409836065573,0.1311475409836065,0.2295081967213114,0.0163934426229508,0.9672131147540984,-0.354609812767362,-0.2627060392150314,-1.0581504923495313,0.0,4,21.889472099411304,19.700625214032865,1,1,0,1,1,0,0,0,0,0,1,0,0,0,0,0,0,0,0,1,0.98831975,90.4
PAYX,Paychex Inc.,Information Technology,61.86,27.49,3.0892801,2.26,73.1,54.2,23253666810.0,1414900000.0,7.248487,11.77,23.25366681,1.4149,16.434848264895045,59.47089947089948,Large-cap,2026-04-25T14:52:57.872278,0,2020.0,27.5,,unlabeled,0.6428571428571429,0.8285714285714286,0.7714285714285715,0.5714285714285714,0.4285714285714285,0.9285714285714286,-0.1386457079441693,0.0477092610396693,0.3614565218643801,-0.1349877943806975,0,23.86972866884557,21.070324694872944,0,0,0,0,1,0,0,0,0,0,0,0,1,0,0,0,0,1,0,0,0.6708648,48.7
PYPL,PayPal,Information Technology,72.32,49.53,0.0,1.47,86.32,39.92,90708000000.0,2932000000.0,6.935696,5.81,90.708,2.932,30.93724420190996,30.17241379310345,Large-cap,2026-04-25T14:52:57.872278,0,2020.0,27.5,,none,0.8857142857142857,0.5,0.6857142857142857,0.9,0.7428571428571429,0.1714285714285714,0.4218093325691488,-0.196014121375756,0.2828214517661986,0.596184198146017,0,25.230911393055475,21.79895062131188,0,0,0,0,1,0,0,0,0,0,0,0,1,0,0,0,0,1,0,0,0.020669494,10.3
PNR,Pentair Ltd.,Industrials,66.67,18.89,2.03933,3.63,74.84,57.63,12466660892.0,863700000.0,2.5191512,2.48,12.466660892,0.8637,14.434017473659836,47.472399767577,Large-cap,2026-04-25T14:52:57.872278,0,2023.0,76.75,,unlabeled,0.2686567164179104,0.1791044776119403,0.6268656716417911,0.7164179104477612,0.2388059701492537,0.7761194029850746,-0.5137001153000436,-0.2881026273181226,-0.0335160115006713,0.4801756704608088,2,23.246323789570337,20.576736045408325,1,1,0,0,1,0,0,0,0,0,0,1,0,0,0,0,0,1,0,0,0.99671125,77.8
PBCT,People's United Financial,Financials,18.56,18.02,3.59375,0.97,20.14,15.965,6527616000.0,0.0,3.9272704,1.17,6.527616,0.0,13.333242399935546,37.844311377245546,Mid-cap,2026-04-25T14:52:57.872278,1,2022.0,7.6,M&T Bank,completed,0.6617647058823529,0.2352941176470588,0.7941176470588235,0.6323529411764706,0.0588235294117647,0.9264705882352942,0.1088378336475116,-0.2094401695395342,0.2183266711314614,0.0,1,22.59930762950183,0.0,0,1,0,0,1,1,0,0,0,1,0,0,0,0,0,0,0,0,0,1,0.99258655,72.7
PEP,PepsiCo Inc.,Consumer Staples,110.15,21.51,2.8370044,4.36,122.51,104.77,161413271020.0,12843000000.0,3.6705062,6.28,161.41327102,12.843,12.56819053336448,69.67305524239003,Large-cap,2026-04-25T14:52:57.872278,0,2022.0,18.7,,none,0.5588235294117647,0.5147058823529411,0.7647058823529411,0.5882352941176471,0.9117647058823528,0.6764705882352942,-0.0643443494598314,-0.3146367301334243,0.317383735076445,-0.1121248692894376,0,25.80723381381961,23.276064752855195,0,1,0,0,1,0,0,1,0,0,0,0,0,0,0,0,0,1,0,0,0.039931875,14.4
PKI,PerkinElmer,Health Care,72.06,24.68,0.3695394,2.64,84.49,52.63,8351767268.0,445658000.0,3.7116463,3.25,8.351767268,0.445658,18.74030594761005,39.014438166980526,Mid-cap,2026-04-25T14:52:57.872278,0,2021.5,63.0,,unlabeled,0.7540983606557377,0.360655737704918,0.4098360655737705,0.6065573770491803,0.0491803278688524,0.4918032786885246,0.0399165007972001,-0.2263979444277827,-0.2917084461815972,0.0,2,22.845739002396726,19.91506240193083,1,0,0,0,1,0,0,0,0,0,1,0,0,0,0,0,0,0,0,1,0.8185088,66.2
PRGO,Perrigo,Health Care,84.44,19.925,0.73126143,-28.01,95.93,63.68,12326379902.0,0.0,3.3850067,2.03,12.326379902,0.0,15.288987971795937,35.62790697674421,Large-cap,2026-04-25T14:52:57.872278,1,2022.0,63.0,,rumoured,0.5081967213114754,0.081967213114754,0.360655737704918,0.9754098360655736,0.1475409836065573,0.5737704918032787,-0.1365625792591961,-0.2750747308458524,-0.3773168239339921,0.0,2,23.235007510283605,0.0,1,0,0,0,0,0,0,0,0,0,1,0,0,0,0,0,0,1,0,0,0.9704846,75.1
PFE,Pfizer Inc.,Health Care,33.63,12.69,3.8879359,3.51,39.43,31.67,208505541949.0,20569000000.0,4.0020885,3.4,208.505541949,20.569,10.136882782293744,74.7422680412371,Mega-cap,2026-04-25T14:52:57.872278,0,2021.5,63.0,,unlabeled,0.1475409836065573,0.4262295081967213,0.4754098360655737,0.2786885245901639,0.9672131147540984,1.0,-0.4050854276730821,-0.2204130936386757,-0.2155869790574743,0.0,4,26.063231457927944,23.74705092499105,0,1,0,1,1,0,0,0,0,0,1,0,0,0,0,0,0,0,1,0,0.039589416,40.6
PCG,PG&E Corp.,Utilities,38.24,8.75,0.0,2.78,71.57,38.45,20309412381.0,6471000000.0,1.5730644,1.09,20.309412381,6.471,3.138527643486324,100.6340579710145,Large-cap,2026-04-25T14:52:57.872278,0,2018.0,14.6,,unlabeled,0.0535714285714285,0.0714285714285714,0.2142857142857142,0.1071428571428571,0.6071428571428571,0.0357142857142857,-1.8931101687478276,-0.966960026470682,-0.9310100575234832,-0.9380498396062495,4,23.734350279673084,22.59059649317608,1,0,0,1,1,1,0,0,0,0,0,0,0,0,0,0,1,1,0,0,0.98157424,87.6
PM,Philip Morris International,Consumer Staples,100.39,22.36,4.328479,4.48,123.55,96.66,153580671803.0,11802000000.0,2.7574685,205.0419999999998,153.580671803,11.802,13.01310555863413,86.12867236891036,Large-cap,2026-04-25T14:52:57.872278,1,2019.0,18.7,,rumoured,0.5882352941176471,0.9852941176470588,0.5882352941176471,0.6470588235294118,0.8823529411764706,1.0,0.0563274026095472,3.4541445108491438,-0.0461923310728009,-0.0671213558028984,0,25.75749181513277,23.19153484566612,0,1,0,1,1,0,0,1,0,0,0,0,0,0,0,0,0,1,0,0,0.8054156,58.0
PSX,Phillips 66,Energy,92.44,21.11,2.928564,9.93,107.47,75.135,47996220000.0,5311000000.0,0.47499472,2.12,47.99622,5.311,9.037134249670496,46.48214009587136,Large-cap,2026-04-25T14:52:57.872278,0,2023.0,19.75,,unlabeled,0.40625,0.40625,0.125,0.53125,0.8125,0.78125,-0.3005113877798126,-0.2791855182833073,-1.1565814211954382,-0.1780871862573918,3,24.594388094774192,22.39304597857496,1,1,0,0,1,0,0,0,1,0,0,0,0,0,0,0,0,1,0,0,0.08428241,35.3
PNW,Pinnacle West Capital,Utilities,74.34,16.06,3.698776,3.95,92.48,73.81,8397609889.0,1614399000.0,2.9931207,1.65,8.397609889,1.614399,5.201694184027616,97.16122121049813,Mid-cap,2026-04-25T14:52:57.872278,0,2018.0,14.6,,unlabeled,0.3571428571428571,0.2857142857142857,0.7142857142857143,0.3214285714285714,0.1785714285714285,0.5357142857142857,-0.1838830432987526,-0.4344017821763269,0.4071112167893687,-0.198249436075493,3,22.851212965402613,21.20222858875768,1,1,0,1,1,1,0,0,0,0,0,0,0,0,0,0,1,0,0,1,0.99466753,85.5
PXD,Pioneer Natural Resources,Energy,169.16,118.29,0.1816118,-3.39,199.83,125.46,29983119693.0,1717000000.0,6.7890477,2.76,29.983119693,1.717,17.462504189283635,41.23974720989648,Large-cap,2026-04-25T14:52:57.872278,1,2023.0,60.0,ExxonMobil,completed,0.90625,0.71875,0.875,0.84375,0.59375,0.125,1.1841952311369817,0.2937092969988586,1.1151406108376845,0.2054287102793127,0,24.123900383379866,21.26384441944416,0,0,0,0,0,0,0,0,1,0,0,0,0,0,0,0,0,1,0,0,0.9857188,63.2
PNC,PNC Financial Services,Financials,149.38,17.55,1.9354838,10.4,160.07,115.25,73315000000.0,0.0,4.04653,1.53,73.315,0.0,13.333242399935546,23.850959393128065,Large-cap,2026-04-25T14:52:57.872278,1,2021.0,11.6,BBVA USA acquirer,completed,0.6029411764705882,0.4117647058823529,0.8235294117647058,0.6323529411764706,0.8529411764705882,0.5147058823529411,0.0465333886649849,-0.1958933694780032,0.264079733129694,0.0,1,25.01803106338909,0.0,0,1,1,0,1,0,0,0,0,1,0,0,0,0,0,0,0,1,0,0,0.91550726,67.7
RL,Polo Ralph Lauren Corp.,Consumer Discretionary,101.32,17.74,1.8570102,-1.19,119.33,66.06,8753430477.0,506100000.0,1.3948758,2.44,8.753430477,0.5061,17.29585156490812,33.80889806645392,Mid-cap,2026-04-25T14:52:57.872278,0,2023.0,29.4,,unlabeled,0.4404761904761904,0.238095238095238,0.2738095238095238,0.8928571428571429,0.2142857142857142,0.6071428571428571,-0.2406657980145997,-0.3241002879586804,-0.6024319054756182,0.0,3,22.89271151511117,20.0422448381602,1,1,0,0,0,0,1,0,0,0,0,0,0,0,0,0,0,0,0,1,0.98556536,83.2
PPG,PPG Industries,Materials,110.3,18.73,1.5771489,6.31,122.0697,99.57,29043337549.0,2585000000.0,1.9551051,4.83,29.043337549,2.585,11.23533367466151,52.31047525078111,Large-cap,2026-04-25T14:52:57.872278,1,2017.0,63.0,Akzo bid,completed,0.32,0.56,0.44,0.44,0.72,0.52,-0.1160729412536302,0.0137911196673036,-0.5995932929533815,-0.2197397153284293,3,24.09205494970684,21.67299134529365,1,0,0,0,1,0,0,0,0,0,0,0,0,1,0,0,0,1,0,0,0.969934,82.5
PPL,PPL Corp.,Utilities,29.52,12.83,5.2196894,2.79,40.2,29.205,20839814845.0,3937000000.0,3.7497053,1.95,20.839814845,3.937,5.293323557277114,97.1350613915416,Large-cap,2026-04-25T14:52:57.872278,0,2018.0,14.6,,unlabeled,0.2142857142857142,0.5892857142857143,0.8928571428571429,0.3928571428571428,0.6428571428571429,0.9285714285714286,-0.9391229359390412,-0.1491027227329223,1.120042069655892,-0.1653934130772408,2,23.760131169243166,22.093684849162013,1,1,0,1,1,1,0,0,0,0,0,0,0,0,0,0,1,1,0,0,0.99801946,81.3
PX,Praxair Inc.,Materials,144.07,24.63,2.1998534,4.32,166.95,115.53,42948664203.0,3632000000.0,3.887915,6.88,42.948664203,3.632,11.82507274311674,44.496304939712175,Large-cap,2026-04-25T14:52:57.872278,0,2023.0,63.0,,unlabeled,0.68,0.84,0.76,0.48,0.88,0.72,0.2185757095565761,0.6999997438899364,0.6587286320388324,-0.1152164181550575,1,24.4832713837056,22.013049297960787,0,0,0,0,1,0,0,0,0,0,0,0,0,1,0,0,0,1,0,0,0.229079,30.0
PCLN,Priceline.com Inc,Consumer Discretionary,1806.06,24.26,0.0,42.66,2067.99,1589.0,91817448863.0,4803487000.0,9.176564,6.92,91.817448863,4.803487,19.1147491110104,54.68381385832689,Large-cap,2026-04-25T14:52:57.872278,0,2023.0,29.4,,unlabeled,0.7261904761904762,0.7619047619047619,1.0,0.9047619047619048,0.9285714285714286,0.1309523809523809,-0.0018874511018379,-0.2061788648772251,4.709487004545601,0.0,0,25.243068191282177,22.29260794965864,0,0,0,0,1,0,1,0,0,0,0,0,0,0,0,0,0,1,0,0,0.0049262936,9.5
PFG,Principal Financial Group,Financials,60.38,11.96,3.1914895,4.5,75.585,58.9401,18457199721.0,0.0,1.7167546,1.53,18.457199721,0.0,13.333242399935546,91.34930218865836,Large-cap,2026-04-25T14:52:57.872278,0,2023.0,13.0,,unlabeled,0.1323529411764706,0.4117647058823529,0.2794117647058823,0.6323529411764706,0.3529411764705882,0.8823529411764706,-0.6944918186803878,-0.1958933694780032,-0.6297213388021009,0.0,3,23.638720360148167,0.0,1,1,0,1,1,1,0,0,0,1,0,0,0,0,0,0,0,1,0,0,0.9716418,84.0
PG,Procter & Gamble,Consumer Staples,80.22,20.46,3.3704789,5.6,94.67,80.1,206318943299.0,17249000000.0,3.1595004,3.85,206.318943299,17.249,11.96121185570178,99.17638984214136,Mega-cap,2026-04-25T14:52:57.872278,0,2022.0,18.7,,none,0.5,0.3235294117647059,0.7058823529411765,0.5,0.9705882352941176,0.8529411764705882,-0.2134094549572998,-0.3607126320441902,0.1138987327118676,-0.1735212518676152,1,26.052689076850704,23.57102000778688,0,1,0,1,1,0,0,1,0,0,0,0,0,0,0,0,0,0,1,0,0.04284101,21.5
PGR,Progressive Corp.,Financials,51.07,20.76,2.1061797,2.73,58.25,36.84,31062780000.0,0.0,1.1458876,3.25,31.06278,0.0,13.333242399935546,33.53573096683793,Large-cap,2026-04-25T14:52:57.872278,0,2023.0,13.0,,none,0.7647058823529411,0.8529411764705882,0.1176470588235294,0.6323529411764706,0.5735294117647058,0.6470588235294118,0.4720594916307536,-0.1311697691840219,-0.8487302340503244,0.0,1,24.159276154879333,0.0,0,1,0,0,1,0,0,0,0,1,0,0,0,0,0,0,0,1,0,0,0.06762129,20.9
PLD,Prologis,Real Estate,58.33,20.76,2.931379,3.06,67.53,48.69,31953288000.0,2969194000.0,14.380373,2.11,31.953288,2.969194,10.761603317263877,48.83227176220807,Large-cap,2026-04-25T14:52:57.872278,0,2024.0,28.0,,none,0.8787878787878788,0.3939393939393939,0.8484848484848485,0.2424242424242424,0.8484848484848485,0.1818181818181818,-0.0528574802405505,-0.2519263231143605,1.0775112778588134,0.0,2,24.187540923304415,21.811556372796087,1,1,0,0,1,0,0,0,0,0,0,0,0,0,1,0,0,1,0,0,0.012128165,24.9
PRU,Prudential Financial,Financials,103.38,9.99,2.6985698,9.73,127.14,97.88,47136080000.0,0.0,1.083727,0.93,47.13608,0.0,13.333242399935546,81.203007518797,Large-cap,2026-04-25T14:52:57.872278,0,2023.0,13.0,,unlabeled,0.0735294117647058,0.1029411764705882,0.1029411764705882,0.6323529411764706,0.7352941176470589,0.8235294117647058,-0.9556402370114048,-0.2184713695805548,-0.87257768771986,0.0,3,24.57630457446297,0.0,1,1,0,1,1,0,0,0,0,1,0,0,0,0,0,0,0,1,0,0,0.2928876,46.5
PEG,Public Serv. Enterprise Inc.,Utilities,46.73,16.11,3.60587,1.75,53.28,41.67,24138050331.0,3613000000.0,3.4491453,1.88,24.138050331,3.613,6.680888549958484,56.41688199827739,Large-cap,2026-04-25T14:52:57.872278,0,2018.0,14.6,,unlabeled,0.3928571428571428,0.5,0.8571428571428571,0.6785714285714286,0.75,0.4642857142857143,-0.1721920232888409,-0.2156725032697168,0.8368239111874772,0.3321530143873644,1,23.907055284316844,22.00780428938869,0,1,0,0,1,1,0,0,0,0,0,0,0,0,0,0,1,1,0,0,0.94091225,70.3
PSA,Public Storage,Real Estate,180.49,18.21,4.316159,6.81,232.21,180.9254,32258539942.0,1924803000.0,16.16417,6.56,32.258539942,1.924803,16.75939820438767,100.84898780530604,Large-cap,2026-04-25T14:52:57.872278,0,2024.0,28.0,,none,0.696969696969697,0.9090909090909092,0.9696969696969696,0.696969696969697,0.8787878787878788,0.7575757575757576,-0.132186122335117,0.0359082723057268,1.5101627728169342,0.0,0,24.197048649567797,21.378089462306495,0,1,0,1,1,0,0,0,0,0,0,0,0,0,1,0,0,1,0,0,0.021070156,14.3
PHM,Pulte Homes Inc.,Consumer Discretionary,28.67,12.86,1.2036108,1.44,35.21,21.06,8792572352.0,992811000.0,1.0341544,1.99,8.792572352,0.992811,8.8562398603561,46.21908127208479,Mid-cap,2026-04-25T14:52:57.872278,0,2023.0,29.4,,unlabeled,0.1904761904761904,0.1428571428571428,0.1428571428571428,0.3928571428571428,0.238095238095238,0.4166666666666667,-0.4193833337407157,-0.335945073759273,-0.8486667553773822,0.0,4,22.89717315122368,20.716050872574908,1,0,0,0,1,1,1,0,0,0,0,0,0,0,0,0,0,0,0,1,0.9943954,89.2
PVH,PVH Corp.,Consumer Discretionary,142.68,20.98,0.100529455,6.77,157.96,84.53,11478625926.0,1057500000.0,1.7617522,2.14,11.478625926,1.0575,10.85449260141844,20.808933678333105,Large-cap,2026-04-25T14:52:57.872278,0,2023.0,29.4,,unlabeled,0.6071428571428571,0.1904761904761904,0.4880952380952381,0.6071428571428571,0.3333333333333333,0.2619047619047619,-0.1220090734751291,-0.3319968118257421,-0.3519955429906102,0.0,2,23.163752527904045,20.779173469830333,1,0,1,0,1,0,1,0,0,0,0,0,0,0,0,0,0,1,0,0,0.9807452,75.0
QRVO,Qorvo,Information Technology,76.85,19.71,0.0,-0.13,85.24,62.68,9877885146.0,806875000.0,3.389142,1.98,9.877885146,0.806875,12.242150452052671,37.189716312056746,Mid-cap,2026-04-25T14:52:57.872278,0,2020.0,27.5,,unlabeled,0.3857142857142857,0.0857142857142857,0.3285714285714285,0.3142857142857143,0.1,0.1714285714285714,-0.336483285766021,-0.3526350198071452,-0.6087755647623658,-0.3463723978070854,4,23.013564271846004,20.50867932080453,1,0,0,0,0,1,0,0,0,0,0,0,1,0,0,0,0,0,0,1,0.91149026,83.5
QCOM,QUALCOMM Inc.,Information Technology,62.42,16.51,3.5055351,1.65,69.28,48.92,96282828902.0,4191000000.0,4.263658,3.82,96.282828902,4.191,22.97371245573849,33.69351669941061,Large-cap,2026-04-25T14:52:57.872278,0,2020.0,27.5,,unlabeled,0.2857142857142857,0.3,0.4428571428571428,0.8142857142857143,0.7857142857142857,0.9571428571428572,-0.4178560684176824,-0.2773915594641279,-0.3889238843688079,0.1946842391263868,3,25.2905558314716,22.156205206127957,0,1,0,0,1,0,0,0,0,0,0,0,1,0,0,0,0,1,0,0,0.061704796,34.9
PWR,Quanta Services Inc.,Industrials,33.51,17.54,0.0,1.28,40.105,30.23,5330131216.0,649404000.0,0.77893436,1.43,5.330131216,0.649404,8.207727725730054,66.7848101265823,Mid-cap,2026-04-25T14:52:57.872278,0,2023.0,76.75,,unlabeled,0.1940298507462686,0.0149253731343283,0.0597014925373134,0.1940298507462686,0.0149253731343283,0.0597014925373134,-0.779985721517529,-0.3328819561852295,-1.108639111522263,-0.5408983280032877,4,22.39664169339524,20.2915655786858,1,0,0,0,1,1,0,0,0,0,0,1,0,0,0,0,0,0,0,1,0.9952615,87.9
DGX,Quest Diagnostics,Health Care,96.42,17.07,1.9884669,5.5,112.965,90.1,13578300000.0,1453000000.0,1.7709883,2.82,13.5783,1.453,9.345010323468683,72.35950142138637,Large-cap,2026-04-25T14:52:57.872278,0,2021.5,63.0,,unlabeled,0.3278688524590163,0.3032786885245901,0.2786885245901639,0.2622950819672131,0.1967213114754098,0.819672131147541,-0.2425242561384835,-0.2435545166898892,-0.8003319662698142,0.0,4,23.33173876722017,21.09689622222279,1,1,0,1,1,0,0,0,0,0,1,0,0,0,0,0,0,1,0,0,0.9916741,90.0
RRC,Range Resources Corp.,Energy,12.82,35.61,0.6097561,-2.79,34.09,12.7,3255587970.0,820095000.0,1.9624339,0.8303999999999999,3.25558797,0.820095,3.969769319408117,99.4389901823282,Mid-cap,2026-04-25T14:52:57.872278,0,2023.0,19.75,,unlabeled,0.625,0.03125,0.3125,0.125,0.0625,0.25,-0.0789817934775537,-1.4335685710768722,-0.6214182910762351,-0.408749462007561,3,21.9036387325461,20.524930746389963,1,0,0,1,0,1,0,0,1,0,0,0,0,0,0,0,0,0,0,1,0.99328315,82.0
RJF,Raymond James Financial Inc.,Financials,86.06,16.94,1.0982976,4.12,99.1,71.35,13216271700.0,0.0,1.9734555,2.34,13.2162717,0.0,13.333242399935546,46.99099099099096,Large-cap,2026-04-25T14:52:57.872278,1,2023.0,13.0,,rumoured,0.5588235294117647,0.7352941176470589,0.3235294117647059,0.6323529411764706,0.25,0.1470588235294117,-0.0343298271634009,-0.1654130693395585,-0.5312399403008305,0.0,1,23.30471461200342,0.0,0,0,0,0,1,0,0,0,0,1,0,0,0,0,0,0,0,1,0,0,0.9883845,70.2
RTN,Raytheon Co.,Industrials,198.74,25.78,1.5612764,6.95,213.45,147.86,59066255840.0,3868000000.0,2.2938328,5.28,59.06625584,3.868,15.2704901344364,22.427199268181106,Large-cap,2026-04-25T14:52:57.872278,1,2020.0,120.0,Raytheon-UTX merger,completed,0.7910447761194029,0.5970149253731343,0.582089552238806,0.7910447761194029,0.835820895522388,0.5522388059701493,0.8453427193951214,-0.1686910836725041,-0.1727199377768387,0.6173521461667482,0,24.801925631137284,22.07600341479599,0,0,1,0,1,0,0,0,0,0,0,1,0,0,0,0,0,1,0,0,0.9294154,61.7
O,Realty Income Corporation,Real Estate,47.56,15.54,5.372036,1.12,63.6,48.89,13784942453.0,1075568000.0,15.588069,1.92,13.784942453,1.075568,12.81643043768502,109.04146838885111,Large-cap,2026-04-25T14:52:57.872278,0,2024.0,28.0,,unlabeled,0.3939393939393939,0.2121212121212121,0.9090909090909092,0.5151515151515151,0.4545454545454545,0.8484848484848485,-0.2152478769988395,-0.2642158901098249,1.3704322099239212,0.0,2,23.34684270687592,20.796114732009418,1,1,0,1,1,1,0,0,0,0,0,0,0,0,1,0,0,1,0,0,0.99044305,80.9
RHT,Red Hat Inc.,Information Technology,124.65,79.9,0.0,1.68,135.77,78.48,22799923883.0,541809000.0,8.202077,15.69,22.799923883,0.541809,42.081109547829584,19.41001920055857,Large-cap,2026-04-25T14:52:57.872278,1,2019.0,34.0,IBM,completed,0.9285714285714286,0.9142857142857144,0.8285714285714286,0.9428571428571428,0.4142857142857143,0.1714285714285714,1.194087897922573,0.2080105461182712,0.6011872573872209,1.158028066208456,0,23.85002303448018,20.11042410061865,0,0,1,0,1,0,0,0,0,0,0,0,1,0,0,0,0,1,0,0,0.9508664,61.0
REG,Regency Centers Corporation,Real Estate,55.58,15.27,3.6850338,1.43,72.05,56.66,9858367494.0,487636000.0,13.762162,1.51,9.858367494,0.487636,20.21665236774972,107.01754385964912,Mid-cap,2026-04-25T14:52:57.872278,0,2024.0,28.0,,unlabeled,0.3333333333333333,0.1212121212121212,0.7878787878787878,0.9393939393939394,0.2727272727272727,0.4545454545454545,-0.2236473802794407,-0.2907354820474059,0.9275671343550652,0.0,2,23.01158642339457,20.00507978590575,1,1,0,1,1,1,0,0,0,0,0,0,0,0,1,0,0,0,0,1,0.99087137,79.1
REGN,Regeneron,Health Care,322.62,27.93,0.0,7.74,543.5518,319.5,35950369241.0,2043160000.0,8.48541,5.89,35.950369241,2.04316,17.59547428542062,98.60746488088915,Large-cap,2026-04-25T14:52:57.872278,0,2021.5,63.0,,none,0.8360655737704918,0.7377049180327869,0.8852459016393442,0.5573770491803278,0.5573770491803278,0.2131147540983606,0.1605383746527812,-0.1210645705395008,0.9594385859916922,0.0,0,24.3054051920482,21.437763466406444,0,0,0,1,1,0,0,0,0,0,1,0,0,0,0,0,0,1,0,0,0.038099628,11.0
RF,Regions Financial Corp.,Financials,17.9,17.9,1.8987342,1.0,19.9,13.0,21500640000.0,0.0,3.474771,1.32,21.50064,0.0,13.333242399935546,28.98550724637682,Large-cap,2026-04-25T14:52:57.872278,1,2023.0,13.0,,rumoured,0.6470588235294118,0.2941176470588235,0.7205882352941176,0.6323529411764706,0.3970588235294117,0.4852941176470588,0.0929303157796323,-0.2037956695138963,0.0447286286899051,0.0,1,23.79134853912536,0.0,0,1,1,0,1,1,0,0,0,1,0,0,0,0,0,0,0,1,0,0,0.9893289,71.2
RSG,Republic Services Inc,Industrials,62.72,26.13,2.1362228,1.77,69.4,57.53,21590903863.0,2734000000.0,2.8841186,2.83,21.590903863,2.734,7.897185026700805,56.276326874473504,Large-cap,2026-04-25T14:52:57.872278,0,2023.0,76.75,,unlabeled,0.8208955223880597,0.2238805970149253,0.7014925373134329,0.1492537313432835,0.5223880597014925,0.835820895522388,0.914379728414469,-0.2731761843624203,0.1919644421276362,-0.5918254592851331,2,23.795537945534285,21.72903157561393,1,0,0,0,1,0,0,0,0,0,0,1,0,0,0,0,0,1,0,0,0.9636372,76.3
RMD,ResMed,Health Care,89.26,31.54,1.5120423,2.41,104.78,67.04,13233622689.0,636942000.0,6.1640687,6.61,13.233622689,0.636942,20.776809645148223,41.123476417594055,Large-cap,2026-04-25T14:52:57.872278,0,2021.5,63.0,,unlabeled,0.8688524590163934,0.7704918032786885,0.7377049180327869,0.7377049180327869,0.1639344262295081,0.7540983606557377,0.2945214406892882,-0.0923372867517875,0.3510424732648964,0.0,0,23.306026601475462,20.272189159155637,0,0,0,0,1,0,0,0,0,0,1,0,0,0,0,0,0,1,0,0,0.99232894,64.6
RHI,Robert Half International,Industrials,52.26,20.18,1.7075773,2.32,60.59,42.92,7047165475.0,565196000.0,1.3330402,5.98,7.047165475,0.565196,12.46853388028224,47.14204867006228,Mid-cap,2026-04-25T14:52:57.872278,1,2023.0,76.75,,rumoured,0.3880597014925373,0.7014925373134329,0.2238805970149253,0.5671641791044776,0.0746268656716417,0.582089552238806,-0.2592494249144468,-0.1388381977610995,-0.7663070671772215,0.1578482053323301,2,22.67589131278089,20.152683133378066,1,0,0,0,1,0,0,0,0,0,0,1,0,0,0,0,0,0,0,1,0.9928052,77.1
ROK,Rockwell Automation Inc.,Industrials,178.73,26.48,1.7692552,6.35,210.72,147.67,24123216432.0,1323200000.0,3.760594,10.94,24.123216432,1.3232,18.2309676783555,50.737509912767656,Large-cap,2026-04-25T14:52:57.872278,0,2023.0,76.75,,unlabeled,0.8656716417910447,0.8955223880597015,0.7761194029850746,0.9701492537313432,0.5671641791044776,0.5970149253731343,0.9834167374338172,0.0726908224111387,0.7334595750793809,1.102852623258701,0,23.906440551200145,21.003318882989443,0,0,0,0,1,0,0,0,0,0,0,1,0,0,0,0,0,1,0,0,0.9410202,62.2
COL,Rockwell Collins,Industrials,133.31,22.29,0.9748892,4.8,139.63,89.9,22197870556.0,1696000000.0,3.781273,3.46,22.197870556,1.696,13.088367073113208,12.708626583551167,Large-cap,2026-04-25T14:52:57.872278,0,2023.0,76.75,,unlabeled,0.582089552238806,0.3432835820895522,0.7910447761194029,0.6119402985074627,0.5373134328358209,0.2985074626865671,0.1569451151736224,-0.2463085870421561,0.7462352649097047,0.25949711378461,1,23.823262200368088,21.251538374905746,0,0,1,0,1,0,0,0,0,0,0,1,0,0,0,0,0,1,0,0,0.986328,70.2
ROP,Roper Technologies,Industrials,259.4,27.57,0.61985797,9.38,290.415,191.22,27247789759.0,1555209000.0,5.9715905,4.23,27.247789759,1.555209,17.520339555005148,31.266696910126555,Large-cap,2026-04-25T14:52:57.872278,0,2023.0,76.75,,unlabeled,0.9104477611940298,0.4477611940298507,0.9850746268656716,0.9104477611940298,0.6417910447761194,0.1641791044776119,1.198417708379787,-0.213470412539611,2.099434984912151,0.9863138933398689,1,24.02823824504132,21.16487577933374,0,0,0,0,1,0,0,0,0,0,0,1,0,0,0,0,0,1,0,0,0.65856296,51.9
ROST,Ross Stores,Consumer Discretionary,75.06,26.52,0.82061803,2.83,85.66,52.85,29803566306.0,2247009000.0,2.9734495,10.28,29.803566306,2.247009,13.263661296416704,32.3072234074977,Large-cap,2026-04-25T14:52:57.872278,0,2023.0,29.4,,unlabeled,0.7738095238095238,0.8333333333333334,0.7261904761904762,0.75,0.7619047619047619,0.3095238095238095,0.0808792765090271,-0.1177377975661337,0.4751306069740791,0.0,0,24.117893898028864,21.532865835927076,0,0,0,0,1,0,1,0,0,0,0,0,0,0,0,0,0,1,0,0,0.8186274,54.6
RCL,Royal Caribbean Cruises Ltd,Consumer Discretionary,122.45,16.26,1.8674136,7.53,135.65,93.4,27418147452.0,2876309000.0,3.1026611,2.56,27.418147452,2.876309,9.532406793567729,31.24260355029587,Large-cap,2026-04-25T14:52:57.872278,0,2023.0,29.4,,unlabeled,0.3809523809523809,0.2738095238095238,0.7619047619047619,0.4285714285714285,0.75,0.6309523809523809,-0.2948670178659626,-0.3209416784118557,0.5633327456095102,0.0,3,24.03447094690904,21.779773712271645,1,1,0,0,1,0,1,0,0,0,0,0,0,0,0,0,0,1,0,0,0.7181697,68.9
SPGI,"S&P Global, Inc.",Financials,173.31,27.38,1.0947506,7.95,185.38,124.64,46585950000.0,3021000000.0,10.254704,50.56,46.58595,3.021,15.420705064548162,19.87158379980243,Large-cap,2026-04-25T14:52:57.872278,0,2023.0,13.0,,none,0.9117647058823528,0.9705882352941176,0.9852941176470588,0.1911764705882352,0.7205882352941176,0.1323529411764706,1.349624227342089,1.6491055389021736,2.64579969460714,0.0,1,24.56456483049265,21.82885373968196,0,0,1,0,1,0,0,0,0,1,0,0,0,0,0,0,0,1,0,0,0.008542481,16.8
CRM,Salesforce.com,Information Technology,104.03,200.0692,0.0,0.27,114.52,79.63,79489115000.0,925804000.0,10.3738785,8.81,79.489115,0.925804,85.85955018556844,30.06592146746917,Large-cap,2026-04-25T14:52:57.872278,0,2020.0,27.5,,none,0.9928571428571428,0.6857142857142857,0.8714285714285714,0.9857142857142858,0.7285714285714285,0.1714285714285714,4.249869833242583,-0.0733345664686627,1.1471740766749752,3.36521988539669,0,25.098885931006127,20.64617310821985,0,0,0,0,1,0,0,0,0,0,0,0,1,0,0,0,0,1,0,0,0.022924645,10.4
SBAC,SBA Communications,Real Estate,159.85,199.81,0.0,0.62,177.67,103.51,19572031314.0,1074240000.0,15.189207,91.04,19.572031314,1.07424,18.21942146447721,24.02912621359223,Large-cap,2026-04-25T14:52:57.872278,0,2024.0,28.0,,unlabeled,1.0,1.0,0.8787878787878788,0.8181818181818182,0.6363636363636364,0.0454545454545454,5.517257565654398,5.500237850078531,1.2736901251564356,0.0,0,23.69736741036179,20.794879272686835,0,0,1,0,1,0,0,0,0,0,0,0,0,0,1,0,0,1,0,0,0.9888276,63.0
SCG,SCANA Corp,Utilities,35.6,8.75,6.6830335,4.16,71.28,35.31,5229448882.0,1459000000.0,1.651705,0.92,5.229448882,1.459,3.5842692816997945,99.193772588268,Mid-cap,2026-04-25T14:52:57.872278,1,2018.0,14.6,Dominion Energy,completed,0.0535714285714285,0.0357142857142857,0.2857142857142857,0.1428571428571428,0.0357142857142857,1.0,-1.8931101687478276,-1.1286294934886114,-0.8569068970468688,-0.7782179320306886,4,22.377571733371365,21.10101710717246,1,1,0,1,1,1,0,0,0,0,0,0,0,0,0,0,1,0,0,1,0.9947739,94.6
SLB,Schlumberger Ltd.,Energy,67.4,44.93,2.8673835,-1.08,82.71,61.02,96529311126.0,3222000000.0,3.2297828,2.64,96.529311126,3.222,29.95943858659217,70.5855232826187,Large-cap,2026-04-25T14:52:57.872278,0,2023.0,19.75,,unlabeled,0.6875,0.6875,0.53125,0.9375,0.9375,0.71875,0.063408262998105,0.1862915191334527,-0.1654410562442677,0.7742788656665827,0,25.29311254141972,21.89326812201156,0,0,0,1,0,0,0,0,1,0,0,0,0,0,0,0,0,1,0,0,0.04291364,14.5
SNI,Scripps Networks Interactive Inc.,Consumer Discretionary,86.46,16.04,1.3761468,5.18,88.87,64.87,11328642413.0,1351059000.0,4.374079,4.22,11.328642413,1.351059,8.385009398553283,10.04166666666671,Large-cap,2026-04-25T14:52:57.872278,0,2023.0,29.4,,unlabeled,0.3571428571428571,0.5833333333333334,0.9285714285714286,0.3333333333333333,0.3214285714285714,0.5,-0.3029239559519761,-0.2772475796807808,1.4312252403961128,0.0,2,23.150600082565237,21.02415456706562,1,0,1,0,1,0,1,0,0,0,0,0,0,0,0,0,0,1,0,0,0.99594206,77.1
STX,Seagate Technology,Information Technology,47.44,11.51,5.085772,2.58,56.45,30.6,14113197720.0,1811000000.0,1.3048558,13.33,14.11319772,1.811,7.793041258972943,34.85493230174083,Large-cap,2026-04-25T14:52:57.872278,0,2020.0,27.5,,unlabeled,0.1,0.8857142857142857,0.0571428571428571,0.1,0.2428571428571428,1.0,-0.5450010413109035,0.1115026295913578,-1.132761201950368,-0.5706845768291828,3,23.37037620512922,21.31714501639987,1,1,0,0,1,0,0,0,0,0,0,0,1,0,0,0,0,1,0,0,0.9912411,86.9
SEE,Sealed Air,Materials,42.62,21.31,1.4427412,2.46,50.62,41.22,8001938397.0,969700000.0,2.4700067,10.55,8.001938397,0.9697,8.251973184490048,85.10638297872342,Mid-cap,2026-04-25T14:52:57.872278,1,2023.0,63.0,,rumoured,0.4,0.96,0.48,0.28,0.04,0.44,0.0302649433379514,1.9284805492055768,-0.2643756533430034,-0.7485001311955702,3,22.8029496490264,20.69249730430602,1,0,0,1,1,0,0,0,0,0,0,0,0,1,0,0,0,0,0,1,0.9967834,83.3
SRE,Sempra Energy,Utilities,103.36,19.14,3.1607263,5.45,122.975,100.63,26163862235.0,3763000000.0,3.15303,1.98,26.163862235,3.763,6.95292645096997,87.78250167822777,Large-cap,2026-04-25T14:52:57.872278,0,2018.0,14.6,,unlabeled,0.6785714285714286,0.6428571428571429,0.7857142857142857,0.75,0.7857142857142857,0.1785714285714285,0.5362837893118019,-0.1205728167885819,0.5577940004863787,0.4296990655612833,0,23.98764499162867,22.048482348823452,0,1,0,1,1,1,0,0,0,0,0,0,0,0,0,0,1,1,0,0,0.77112955,54.3
SHW,Sherwin-Williams,Materials,387.65,26.75,0.8426688,18.61,435.15,302.0101,37730994828.0,2160668000.0,2.5276077,13.42,37.730994828,2.160668,17.462652674080424,35.67675805675085,Large-cap,2026-04-25T14:52:57.872278,0,2023.0,63.0,,none,0.8,1.0,0.52,0.88,0.8,0.24,0.3388223434070233,2.8891726231172625,-0.2268755343703737,0.8839686010878844,0,24.353747737630417,21.493683270553777,0,0,0,0,1,0,0,0,0,0,0,0,0,1,0,0,0,1,0,0,0.03370565,11.6
SIG,Signet Jewelers,Consumer Discretionary,49.38,6.65,2.4730754,7.03,77.94,46.09,3034275549.0,852700000.0,0.7564699,1.38,3.034275549,0.8527,3.558432683241468,89.67032967032968,Mid-cap,2026-04-25T14:52:57.872278,1,2023.0,29.4,,rumoured,0.0476190476190476,0.0714285714285714,0.0952380952380952,0.0595238095238095,0.0119047619047619,0.75,-0.6468087224413674,-0.3520013389556319,-1.0382191389552526,0.0,4,21.83323853444755,20.563918344885025,1,1,0,1,1,1,1,0,0,0,0,0,0,0,0,0,0,0,0,1,0.99150133,90.0
SPG,Simon Property Group Inc,Real Estate,152.18,13.56,5.0368075,6.25,187.35,150.15,48139839531.0,4411515000.0,8.754495,13.24,48.139839531,4.411515,10.91231459736621,94.54301075268818,Large-cap,2026-04-25T14:52:57.872278,0,2024.0,28.0,,unlabeled,0.1818181818181818,0.9696969696969696,0.4545454545454545,0.303030303030303,0.9696969696969696,0.8181818181818182,-0.2768442343899146,0.4679835750936332,-0.2870187259207675,0.0,3,24.59737593593475,22.207484005051345,1,1,0,1,1,0,0,0,0,0,0,0,0,0,1,0,0,1,0,0,0.11198482,38.9
SWKS,Skyworks Solutions,Information Technology,99.04,16.45,1.2629502,5.41,117.65,90.53,18493080922.0,1122900000.0,6.9704437,4.25,18.493080922,1.1229,16.469036354083176,68.62094395280235,Large-cap,2026-04-25T14:52:57.872278,0,2020.0,27.5,,unlabeled,0.2642857142857143,0.3428571428571428,0.7285714285714285,0.5857142857142857,0.3857142857142857,0.5571428571428572,-0.4193818080924011,-0.2598074899274445,0.291556958303313,-0.1332641224163591,2,23.640662494911528,20.83918046243332,1,0,0,0,1,0,0,0,0,0,0,0,1,0,0,0,0,1,0,0,0.85441023,69.4
SLG,SL Green Realty,Real Estate,90.61,14.07,3.4998922,0.88,115.34,91.2,8617714345.0,795889000.0,6.5820084,1.32,8.617714345,0.795889,10.827784207345497,102.44407622203812,Mid-cap,2026-04-25T14:52:57.872278,0,2024.0,28.0,,unlabeled,0.2424242424242424,0.0606060606060606,0.1818181818181818,0.2727272727272727,0.1515151515151515,0.303030303030303,-0.2609785059710013,-0.3030250490428703,-0.813945038313089,0.0,4,22.877085729385094,20.494970288105264,1,1,0,1,1,1,0,0,0,0,0,0,0,0,1,0,0,0,0,1,0.9880975,91.2
SNA,Snap-On Inc.,Consumer Discretionary,156.72,15.81,1.968433,9.2,185.47,140.83,9499107736.0,982200000.0,3.5114813,3.21,9.499107736,0.9822,9.671256094481777,64.4041218637993,Mid-cap,2026-04-25T14:52:57.872278,0,2023.0,29.4,,unlabeled,0.3333333333333333,0.3928571428571428,0.8571428571428571,0.4523809523809524,0.2738095238095238,0.6904761904761905,-0.3113471184964447,-0.3038325433665553,0.8424006927393701,0.0,3,22.974463708720865,20.70530551258754,1,1,0,0,1,0,1,0,0,0,0,0,0,0,0,0,0,0,0,1,0.9894215,83.5
SO,Southern Co.,Utilities,43.4,15.78,5.3530226,2.53,53.51,42.63,43497224128.0,6012000000.0,2.5080602,1.82,43.497224128,6.012,7.235067220226214,92.92279411764709,Large-cap,2026-04-25T14:52:57.872278,0,2018.0,14.6,,none,0.3214285714285714,0.4464285714285714,0.5,0.8214285714285714,0.8928571428571429,0.9642857142857144,-0.2493527553542574,-0.2727323151583976,-0.0499620516288123,0.5308677549747348,2,24.49596295987847,22.517023309003477,1,1,0,1,1,0,0,0,0,0,0,0,0,0,0,0,1,1,0,0,0.033181865,28.6
LUV,Southwest Airlines,Industrials,55.63,15.89,0.863707,5.82,66.985,49.76,34351211637.0,4533000000.0,1.6294897,3.84,34.351211637,4.533,7.5780303633355395,65.92162554426703,Large-cap,2026-04-25T14:52:57.872278,1,2024.0,76.75,,rumoured,0.1194029850746268,0.4029850746268656,0.2985074626865671,0.1343283582089552,0.6716417910447762,0.2537313432835821,-1.1054459068944549,-0.2301027346902508,-0.5831576468786277,-0.6441649008215936,4,24.2599031282969,22.234649809125727,1,0,0,0,1,0,0,0,0,0,0,1,0,0,0,0,0,1,0,0,0.9405756,86.4
SWK,Stanley Black & Decker,Consumer Discretionary,152.86,20.57,1.5775635,8.05,176.62,121.09,24496399600.0,2264600000.0,1.944325,3.34,24.4963996,2.2646,10.81709776560982,42.78768233387357,Large-cap,2026-04-25T14:52:57.872278,0,2023.0,29.4,,unlabeled,0.5892857142857143,0.4047619047619047,0.5476190476190477,0.5952380952380952,0.6785714285714286,0.5119047619047619,-0.1370242762717905,-0.3004107163574952,-0.227368099195635,0.0,1,23.921791988636915,21.540663980285792,0,0,0,0,1,0,1,0,0,0,0,0,0,0,0,0,0,1,0,0,0.75009626,57.8
SBUX,Starbucks Corp.,Consumer Discretionary,53.77,25.98,2.203452,1.97,64.87,52.58,76548976000.0,7361500000.0,3.4392443,13.36,76.548976,7.3615,10.398556815866332,90.31733116354756,Large-cap,2026-04-25T14:52:57.872278,0,2023.0,29.4,,none,0.7619047619047619,0.8690476190476191,0.8452380952380952,0.5119047619047619,0.8928571428571429,0.7023809523809523,0.0611031557524487,-0.0366668191976332,0.7930904304362362,0.0,0,25.06119658209584,22.71952955340558,0,0,0,1,1,0,1,0,0,0,0,0,0,0,0,0,0,1,0,0,0.022541683,12.6
STT,State Street Corp.,Financials,98.54,15.35,1.6228749,5.23,114.27,75.27,38059113300.0,0.0,3.263072,1.95,38.0591133,0.0,13.333242399935546,40.33333333333331,Large-cap,2026-04-25T14:52:57.872278,0,2023.0,13.0,,unlabeled,0.3897058823529412,0.6323529411764706,0.5882352941176471,0.6323529411764706,0.6470588235294118,0.3235294117647059,-0.2451044389128005,-0.1800887694062171,-0.0364881242755905,0.0,1,24.36240640114418,0.0,0,0,0,0,1,0,0,0,0,1,0,0,0,0,0,0,0,1,0,0,0.7232195,56.5
SRCL,Stericycle Inc,Industrials,70.55,16.26,0.0,2.08,88.0,61.25,6218560288.0,305085000.0,2.2607324,2.15,6.218560288,0.305085,20.383041735909664,65.2336448598131,Mid-cap,2026-04-25T14:52:57.872278,0,2023.0,76.75,,unlabeled,0.1343283582089552,0.0895522388059701,0.5671641791044776,0.9850746268656716,0.044776119402985,0.0597014925373134,-1.032463925931144,-0.3021761306763562,-0.1931696908432178,1.4557798001007871,2,22.550804252114396,19.536100987547616,1,0,0,0,1,0,0,0,0,0,0,1,0,0,0,0,0,0,0,1,0.9902242,75.2
SYK,Stryker Corp.,Health Care,148.01,23.46,1.2234008,2.68,170.0,122.01,57509096756.0,2863000000.0,4.635566,5.54,57.509096756,2.863,20.0870055033182,45.82204625963745,Large-cap,2026-04-25T14:52:57.872278,0,2021.5,63.0,,none,0.7377049180327869,0.7049180327868853,0.5573770491803278,0.6557377049180327,0.7213114754098361,0.6721311475409836,-0.0053630949270487,-0.1350292223807503,-0.0495600150346102,0.0,0,24.775208976706278,21.775135863411677,0,0,0,0,1,0,0,0,0,0,1,0,0,0,0,0,0,1,0,0,0.023299428,11.5
STI,SunTrust Banks,Financials,65.8,16.25,2.3185046,4.48,72.06,51.96,32498948310.0,0.0,3.3089445,1.38,32.49894831,0.0,13.333242399935546,31.1442786069652,Large-cap,2026-04-25T14:52:57.872278,1,2019.0,28.0,BB&T merger → Truist,completed,0.4852941176470588,0.3382352941176471,0.6176470588235294,0.6323529411764706,0.5882352941176471,0.7352941176470589,-0.1257980549037065,-0.2015378695036411,-0.0188894794997074,0.0,2,24.20447356609698,0.0,1,1,0,0,1,0,0,0,0,1,0,0,0,0,0,0,0,1,0,0,0.95658964,76.3
SYMC,Symantec Corp.,Information Technology,25.59,39.37,1.1286682,-0.17,34.2,25.65,16520497264.0,1227000000.0,3.5516493,3.36,16.520497264,1.227,13.464137949470253,100.70175438596488,Large-cap,2026-04-25T14:52:57.872278,1,2019.0,10.7,Broadcom (Symc Ent),completed,0.8285714285714286,0.2285714285714285,0.3571428571428571,0.4,0.3142857142857143,0.5142857142857142,0.1634507476501237,-0.2962024245498822,-0.567921534668897,-0.2847630584117182,3,23.527867705373147,20.92783800349018,1,0,0,1,0,0,0,0,0,0,0,0,1,0,0,0,0,1,0,0,0.9560868,81.0
SYF,Synchrony Financial,Financials,34.98,13.35,1.6,2.41,40.59,26.01,28893750000.0,0.0,2.1096623,1.97,28.89375,0.0,13.333242399935546,38.47736625514408,Large-cap,2026-04-25T14:52:57.872278,0,2023.0,13.0,,unlabeled,0.2647058823529412,0.6617647058823529,0.3823529411764705,0.6323529411764706,0.5441176470588235,0.2941176470588235,-0.5102297367107872,-0.1793361694027987,-0.4789852105769269,0.0,2,24.086891145735414,0.0,1,0,0,0,1,1,0,0,0,1,0,0,0,0,0,0,0,1,0,0,0.9519096,75.2
SNPS,Synopsys Inc.,Information Technology,82.62,67.72,0.0,0.87,94.8,64.75,12767067883.0,579844000.0,6.276264,3.98,12.767067883,0.579844,22.018108117010783,40.53244592346088,Large-cap,2026-04-25T14:52:57.872278,0,2020.0,27.5,,unlabeled,0.9142857142857144,0.3285714285714285,0.6285714285714286,0.7714285714285715,0.1857142857142857,0.1714285714285714,0.8843627439546867,-0.2708486498690829,0.1170414851271839,0.1465052257103092,1,23.27013487091625,20.178269661534387,0,0,0,0,1,0,0,0,0,0,0,0,1,0,0,0,0,1,0,0,0.9707891,68.1
SYY,Sysco Corp.,Consumer Staples,57.0,22.98,2.4644873,2.08,64.27,48.85,30445320778.0,2988725000.0,0.7295535,13.4,30.445320778,2.988725,10.186725368844574,47.14656290531776,Large-cap,2026-04-25T14:52:57.872278,0,2022.0,18.7,,unlabeled,0.6470588235294118,0.8529411764705882,0.1764705882352941,0.3529411764705882,0.5,0.5294117647058824,0.1443467982366238,-0.1796324414072296,-0.8537179767115822,-0.353011990564426,2,24.13919815029567,21.81811271233545,1,1,0,0,1,0,0,1,0,0,0,0,0,0,0,0,0,1,0,0,0.37385347,44.3
TROW,T. Rowe Price Group,Financials,101.99,19.92,2.140443,4.75,120.07,66.7,25810865035.0,2281400000.0,7.3911157,4.61,25.810865035,2.2814,11.313607887700536,33.8767097620386,Large-cap,2026-04-25T14:52:57.872278,0,2023.0,13.0,,unlabeled,0.7205882352941176,0.9117647058823528,0.9117647058823528,0.1029411764705882,0.5,0.6911764705882353,0.3607068665555992,-0.0799929689515715,1.5472052583746398,0.0,1,23.974061365651917,21.5480551269964,0,1,0,0,1,0,0,0,0,1,0,0,0,0,0,0,0,1,0,0,0.8218858,62.3
TPR,"Tapestry, Inc.",Consumer Discretionary,48.85,18.77,0.0,2.09,50.71,36.69,14247199374.0,0.0,4.0785494,4.35,14.247199374,0.0,10.349009758877504,13.266761768901562,Large-cap,2026-04-25T14:52:57.872278,0,2023.0,29.4,,unlabeled,0.5059523809523809,0.6190476190476191,0.9166666666666666,1.0,0.5,0.1309523809523809,-0.2029446787937186,-0.2738257526717207,1.2294914738451723,0.0,0,23.3798261892578,0.0,0,0,1,0,1,0,1,0,0,0,0,0,0,0,0,0,0,1,0,0,0.9975948,63.4
TGT,Target Corp.,Consumer Discretionary,71.11,14.19,3.3856654,4.71,78.7,48.56,39816696539.0,7105000000.0,0.8047394,3.45,39.816696539,7.105,5.60403892174525,25.182481751824824,Large-cap,2026-04-25T14:52:57.872278,0,2023.0,29.4,,none,0.2261904761904762,0.4166666666666667,0.119047619047619,0.1309523809523809,0.7857142857142857,0.9404761904761904,-0.3706754807661799,-0.2975153242729059,-1.005269518868024,0.0,4,24.40755217232192,22.684064598636223,1,1,1,0,1,0,1,0,0,0,0,0,0,0,0,0,0,1,0,0,0.08061348,41.7
TEL,TE Connectivity Ltd.,Information Technology,95.27,19.72,1.6062645,4.71,108.23,71.93,34983666316.0,2797000000.0,2.5734365,3.6,34.983666316,2.797,12.50756750661423,35.702479338843,Large-cap,2026-04-25T14:52:57.872278,0,2020.0,27.5,,unlabeled,0.4,0.2714285714285714,0.2142857142857142,0.3285714285714285,0.6,0.6714285714285714,-0.3362289958202347,-0.2863880601573148,-0.8138423958795407,-0.3329907802125039,4,24.27814711285124,21.75181325152376,1,0,0,0,1,0,0,0,0,0,0,0,1,0,0,0,0,1,0,0,0.08151031,39.9
FTI,TechnipFMC,Energy,29.1,18.77,1.7060367,0.0,35.0,24.53,14163064455.0,540167833.42,1.561575,1.06,14.163064455,0.54016783342,26.219747972270884,56.35148042024832,Large-cap,2026-04-25T14:52:57.872278,0,2023.0,19.75,,unlabeled,0.34375,0.09375,0.1875,0.875,0.375,0.5,-0.3362616809292806,-1.228042556094395,-0.7656426106616184,0.6040512306783458,3,23.37390331818152,20.10739045371437,1,0,0,0,0,1,0,0,1,0,0,0,0,0,0,0,0,1,0,0,0.9892964,83.4
TXN,Texas Instruments,Information Technology,97.66,24.05,2.4318495,3.6,120.75,74.52,100262526470.0,7013000000.0,6.9572234,9.32,100.26252647,7.013,14.29666711393127,49.94592256110751,Large-cap,2026-04-25T14:52:57.872278,0,2020.0,27.5,,none,0.4857142857142857,0.7,0.7,0.4714285714285714,0.8142857142857143,0.8428571428571429,-0.2261214492947052,-0.0524790421344568,0.2882333997059782,-0.2427891659142789,2,25.33105784765637,22.671031406643777,0,0,0,0,1,0,0,0,0,0,0,0,1,0,0,0,0,1,0,0,0.01615235,25.1
TXT,Textron Inc.,Industrials,55.54,22.13,0.1381454,1.14,62.19,45.0,15254672353.0,1454000000.0,1.0645695,2.57,15.254672353,1.454,10.491521563273729,38.68528214077952,Large-cap,2026-04-25T14:52:57.872278,1,2023.0,76.75,,rumoured,0.5671641791044776,0.1940298507462686,0.1343283582089552,0.3880597014925373,0.3880597014925373,0.1194029850746268,0.1253853396219204,-0.2842643991295134,-0.9321709093228744,-0.1663699009984669,3,23.44815167694273,21.097584216745496,1,0,0,0,1,0,0,0,0,0,0,1,0,0,0,0,0,1,0,0,0.9900052,81.9
BK,The Bank of New York Mellon Corp.,Financials,53.29,14.76,1.7347307,3.73,58.99,44.91,56083904906.0,0.0,3.3834257,1.49,56.083904906,0.0,13.333242399935546,40.48295454545456,Large-cap,2026-04-25T14:52:57.872278,0,2023.0,13.0,,unlabeled,0.3529411764705882,0.3823529411764705,0.6470588235294118,0.6323529411764706,0.8088235294117647,0.3970588235294117,-0.3233164017632066,-0.19739856948484,0.0096846810819377,0.0,2,24.750114708257893,0.0,0,0,0,0,1,0,0,0,0,1,0,0,0,0,0,0,0,1,0,0,0.79629326,67.1
CLX,The Clorox Company,Consumer Staples,127.76,23.44,2.6286967,5.33,150.4,124.09,16540418002.0,1295000000.0,2.798683,21.62,16.540418002,1.295,12.772523553667954,86.05093120486507,Large-cap,2026-04-25T14:52:57.872278,1,2022.0,18.7,,rumoured,0.7058823529411765,0.8823529411764706,0.6470588235294118,0.6176470588235294,0.2647058823529412,0.5882352941176471,0.209651511121229,-0.0237707485238981,-0.0297805161189297,-0.0914564195570434,0,23.529072798471717,20.981776532870114,0,1,0,1,1,0,0,1,0,0,0,0,0,0,0,0,0,1,0,0,0.9869039,65.5
COO,The Cooper Companies,Health Care,223.17,22.96,0.026033757,7.52,256.39,187.02,11297958140.0,615700000.0,6.8538465,3.57,11.29795814,0.6157,18.34977771642033,47.88813608187979,Large-cap,2026-04-25T14:52:57.872278,0,2021.5,63.0,,unlabeled,0.7213114754098361,0.4426229508196721,0.8032786885245902,0.5901639344262295,0.1147540983606557,0.4426229508196721,-0.0239203062894458,-0.2136302627443546,0.531825080357288,0.0,1,23.147887850850584,20.238270391505605,0,0,0,0,1,0,0,0,0,0,1,0,0,0,0,0,0,1,0,0,0.8191229,59.8
HSY,The Hershey Company,Consumer Staples,97.65,20.51,2.6494346,3.66,116.49,98.851,20867272020.0,1404123000.0,2.8396711,25.64,20.86727202,1.404123,14.861427396317843,106.80877600771016,Large-cap,2026-04-25T14:52:57.872278,1,2016.0,18.7,Mondelez bid rejected,completed,0.5294117647058824,0.9117647058823528,0.6764705882352942,0.7941176470588235,0.3235294117647059,0.6176470588235294,-0.2063111166002773,0.0524535830321836,-0.0134588547494903,0.1198378881544172,0,23.76144783655461,21.06267874626257,0,1,0,1,1,0,0,1,0,0,0,0,0,0,0,0,0,1,0,0,0.9975103,66.2
MOS,The Mosaic Company,Materials,24.13,23.66,0.3960396,0.85,34.36,19.23,9726962131.0,1165100000.0,1.8161958,0.94,9.726962131,1.1651,8.348607098961462,67.6140118968936,Mid-cap,2026-04-25T14:52:57.872278,0,2023.0,63.0,,unlabeled,0.56,0.04,0.4,0.32,0.12,0.04,0.1635572025589659,-1.288331586784424,-0.6900277520149378,-0.7313730729767902,3,22.998167467745024,20.876072758048466,1,0,0,0,1,1,0,0,0,0,0,0,0,1,0,0,0,0,0,1,0.99086434,82.0
TRV,The Travelers Companies Inc.,Financials,135.01,16.48,2.0261714,7.31,150.55,113.76,38903131815.0,0.0,1.33382,1.63,38.903131815,0.0,13.333242399935546,42.239739059527096,Large-cap,2026-04-25T14:52:57.872278,0,2023.0,13.0,,unlabeled,0.5294117647058824,0.5441176470588235,0.1617647058823529,0.6323529411764706,0.6617647058823529,0.6029411764705882,-0.0953086456569379,-0.1921303694609113,-0.7766313610985734,0.0,1,24.384340593738845,0.0,0,1,0,0,1,0,0,0,0,1,0,0,0,0,0,0,0,1,0,0,0.1549504,25.7
DIS,The Walt Disney Company,Consumer Discretionary,101.35,17.78,1.6036655,5.7,116.1,96.2,157817273295.0,12544000000.0,3.9635563,3.82,157.817273295,12.544,12.581096404257016,74.1206030150754,Large-cap,2026-04-25T14:52:57.872278,0,2023.0,29.4,,unlabeled,0.4523809523809524,0.4642857142857143,0.9047619047619048,0.7380952380952381,0.9642857142857144,0.5357142857142857,-0.2392009001807789,-0.2877762781701964,1.1509951364550466,0.0,2,25.78470370258679,23.252508300634183,0,0,0,1,1,0,1,0,0,0,0,0,0,0,0,0,0,1,0,0,0.057440437,26.7
TMO,Thermo Fisher Scientific,Health Care,198.73,21.84,0.3276319,5.6,226.44,151.69,83226586345.0,4751300000.0,4.015666,3.38,83.226586345,4.7513,17.51659258413487,37.07023411371239,Large-cap,2026-04-25T14:52:57.872278,0,2021.5,63.0,,none,0.6065573770491803,0.3934426229508196,0.4918032786885246,0.5245901639344263,0.819672131147541,0.4590163934426229,-0.0654884597412153,-0.22121107374389,-0.2120284768154523,0.0,2,25.14483268115705,22.281684101969265,0,0,0,0,1,0,0,0,0,0,1,0,0,0,0,0,0,1,0,0,0.0054666167,22.3
TIF,Tiffany & Co.,Consumer Discretionary,99.62,27.0,1.9402406,3.55,111.44,77.93,12810515320.0,949500000.0,4.516748,3.97,12.81051532,0.9495,13.491853944181148,35.2730528200537,Large-cap,2026-04-25T14:52:57.872278,1,2021.0,15.8,LVMH,completed,0.7976190476190477,0.5059523809523809,0.9404761904761904,0.8095238095238095,0.4523809523809524,0.6666666666666666,0.0984580505148746,-0.2838280162366655,1.5286136398662709,0.0,0,23.27353218007091,20.6714460892698,0,0,0,0,1,0,1,0,0,0,0,0,0,0,0,0,0,1,0,0,0.9943909,65.1
TWX,Time Warner Inc.,Consumer Discretionary,93.02,15.35,1.6927768,6.62,103.9,85.88,74185800000.0,7671000000.0,2.3735986,2.73,74.1858,7.671,9.670942510754791,60.37735849056606,Large-cap,2026-04-25T14:52:57.872278,1,2018.0,85.0,AT&T,completed,0.2916666666666667,0.3214285714285714,0.6309523809523809,0.4404761904761904,0.8809523809523809,0.5833333333333334,-0.3281934435853819,-0.316466981553854,0.0656617029253087,0.0,3,25.029838594155684,22.76071282205393,0,0,0,0,1,0,1,0,0,0,0,0,0,0,0,0,0,1,0,0,0.90425265,79.3
TJX,TJX Companies Inc.,Consumer Discretionary,74.36,21.01,1.64042,3.46,81.46,66.44,48181450881.0,4600216000.0,1.9293598,10.35,48.181450881,4.600216,10.473736642148978,47.270306258322215,Large-cap,2026-04-25T14:52:57.872278,0,2023.0,29.4,,unlabeled,0.6190476190476191,0.8452380952380952,0.5357142857142857,0.5476190476190477,0.8214285714285714,0.5476190476190477,-0.1209104000997636,-0.115895275330486,-0.2375836111551414,0.0,0,24.598239947461376,22.24936909607816,0,0,0,0,1,0,1,0,0,0,0,0,0,0,0,0,0,1,0,0,0.16034465,19.4
TMK,Torchmark Corp.,Financials,80.52,17.02,0.7204611,4.5,93.595,73.53,9614412169.0,0.0,3.1079664,1.88,9.614412169,0.0,13.333242399935546,65.16321953650638,Mid-cap,2026-04-25T14:52:57.872278,1,2019.0,13.0,Rebrand → Globe Life,completed,0.5735294117647058,0.6176470588235294,0.5441176470588235,0.6323529411764706,0.1029411764705882,0.0735294117647058,-0.0237248152514816,-0.1827228694181814,-0.0959932386066219,0.0,0,22.98652907735276,0.0,0,0,0,0,1,1,0,0,0,1,0,0,0,0,0,0,0,0,0,1,0.98696285,63.4
TSS,Total System Services,Information Technology,81.17,25.85,0.6091133,3.16,89.92,50.96,15694951118.0,1097534000.0,3.175548,6.57,15.694951118,1.097534,14.300195818990574,22.45893223819301,Large-cap,2026-04-25T14:52:57.872278,0,2020.0,27.5,,unlabeled,0.5571428571428572,0.5428571428571428,0.2857142857142857,0.4857142857142857,0.2857142857142857,0.4,-0.1803492590531457,-0.1649353007992924,-0.6624726953145588,-0.2426112580485404,2,23.47660491280413,20.81633168284374,1,0,1,0,1,0,0,0,0,0,0,0,1,0,0,0,0,1,0,0,0.9581849,74.4
TSCO,Tractor Supply Company,Consumer Discretionary,65.94,19.57,1.6030874,3.3,82.68,49.87,8459271203.0,859519000.0,1.1642125,6.01,8.459271203,0.859519,9.841866442742976,51.02103017372753,Mid-cap,2026-04-25T14:52:57.872278,0,2023.0,29.4,,unlabeled,0.5714285714285714,0.7023809523809523,0.2142857142857142,0.4761904761904761,0.2023809523809523,0.5238095238095238,-0.1736467221173061,-0.2301316539406457,-0.7598867807709169,0.0,2,22.858528860754465,20.5718834895818,1,0,0,0,1,0,1,0,0,0,0,0,0,0,0,0,0,0,0,1,0.9969356,77.3
TDG,TransDigm Group,Industrials,283.0,23.76,0.0,7.92,321.38,203.72,15241203731.0,1635916000.0,4.268832,4.46,15.241203731,1.635916,9.316617559214531,32.61941186469488,Large-cap,2026-04-25T14:52:57.872278,0,2023.0,76.75,,unlabeled,0.6567164179104478,0.5074626865671642,0.8805970149253731,0.2835820895522388,0.373134328358209,0.0597014925373134,0.4469005530548844,-0.203661607168721,1.0474540162024613,-0.3590470775842635,1,23.447268369125126,21.215468729676783,0,0,0,0,1,0,0,0,0,0,0,1,0,0,0,0,0,1,0,0,0.97610337,68.5
TRIP,TripAdvisor,Consumer Discretionary,40.05,58.04,0.0,0.81,53.29,29.5,5700998508.0,234000000.0,4.5925775,3.49,5.700998508,0.234,24.363241487179486,55.65363598150485,Mid-cap,2026-04-25T14:52:57.872278,1,2023.0,29.4,Liberty TripAdvisor bid,completed,0.9642857142857144,0.4285714285714285,0.9523809523809524,0.9761904761904762,0.0357142857142857,0.1309523809523809,1.2352187695596784,-0.2964624544239643,1.5803762066300555,0.0,1,22.46390717346276,19.27083167759548,0,0,0,0,1,0,1,0,0,0,0,0,0,0,0,0,0,0,0,1,0.9946472,69.1
FOXA,Twenty-First Century Fox Class A,Consumer Discretionary,34.56,17.81,0.9983361,1.59,39.135,24.81,44027094922.0,5280000000.0,2.1080317,4.11,44.027094922,5.28,8.338464947348484,31.937172774869083,Large-cap,2026-04-25T14:52:57.872278,0,2023.0,29.4,,unlabeled,0.4642857142857143,0.5595238095238095,0.5833333333333334,0.3214285714285714,0.8095238095238095,0.3571428571428571,-0.2381022268054136,-0.2801429717653701,-0.1156189911515513,0.0,2,24.508071075046075,22.387191934853977,1,0,0,0,1,0,1,0,0,0,0,0,0,0,0,0,0,1,0,0,0.5958231,55.2
FOX,Twenty-First Century Fox Class B,Consumer Discretionary,34.09,17.57,1.0084034,1.59,38.56,24.3,66135313503.0,5280000000.0,3.1654842,4.04,66.135313503,5.28,12.525627557386365,31.34642356241233,Large-cap,2026-04-25T14:52:57.872278,0,2023.0,29.4,,unlabeled,0.4285714285714285,0.5357142857142857,0.7857142857142857,0.7142857142857143,0.8690476190476191,0.369047619047619,-0.2468916138083372,-0.2819854940010178,0.6062169121681437,0.0,1,24.91496868477759,22.387191934853977,0,0,0,0,1,0,1,0,0,0,0,0,0,0,0,0,0,1,0,0,0.9185708,66.9
TSN,Tyson Foods,Consumer Staples,73.92,13.92,1.6353229,4.79,84.65,57.2,26957526800.0,2521000000.0,0.93730986,2.55,26.9575268,2.521,10.693187941293138,39.089253187613856,Large-cap,2026-04-25T14:52:57.872278,0,2022.0,18.7,,unlabeled,0.1176470588235294,0.2352941176470588,0.2352941176470588,0.3823529411764705,0.4705882352941176,0.1764705882352941,-1.141872112055816,-0.3853622915026247,-0.7709883806759678,-0.3017828930624877,4,24.017528382914573,21.647921485548864,1,0,0,0,1,0,0,1,0,0,0,0,0,0,0,0,0,1,0,0,0.9522772,87.8
USB,U.S. Bancorp,Financials,52.65,15.35,2.189781,3.52,58.5,49.535,90940115897.0,0.0,3.7773547,2.09,90.940115897,0.0,13.333242399935546,65.2537646402677,Large-cap,2026-04-25T14:52:57.872278,0,2023.0,13.0,,unlabeled,0.3897058823529412,0.6764705882352942,0.7647058823529411,0.6323529411764706,0.8970588235294118,0.7205882352941176,-0.2451044389128005,-0.1748205693822884,0.1608126234857505,0.0,1,25.233467059787152,0.0,0,1,0,0,1,0,0,0,0,1,0,0,0,0,0,0,0,1,0,0,0.015331882,18.5
UDR,UDR Inc,Real Estate,32.92,17.79,3.668639,1.08,40.71,33.31,9050154422.0,665141000.0,12.365829,3.27,9.050154422,0.665141,13.606369810310897,105.27027027027027,Mid-cap,2026-04-25T14:52:57.872278,0,2024.0,28.0,,unlabeled,0.5757575757575758,0.6363636363636364,0.696969696969697,0.5454545454545454,0.2121212121212121,0.4242424242424242,-0.1452520163271633,-0.1768952825104725,0.5888931933688666,0.0,0,22.926047657827585,20.31550960772356,0,1,0,1,1,0,0,0,0,0,0,0,0,0,1,0,0,0,0,1,0.9946656,66.7
ULTA,Ulta Salon Cosmetics & Fragrance Inc,Consumer Discretionary,209.09,32.07,0.0,6.52,314.86,187.96,13300000127.0,1002093000.0,3.3779113,8.04,13.300000127,1.002093,13.272221367677451,83.34909377462569,Large-cap,2026-04-25T14:52:57.872278,0,2023.0,29.4,,unlabeled,0.8928571428571429,0.7976190476190477,0.8333333333333334,0.7619047619047619,0.4761904761904761,0.1309523809523809,0.2841338509516387,-0.1766985091068613,0.751223432667252,0.0,0,23.31102988179818,20.725356650671262,0,0,0,1,1,0,1,0,0,0,0,0,0,0,0,0,0,1,0,0,0.9938461,63.2
UAA,Under Armour Class A,Consumer Discretionary,13.14,32.05,0.0,0.45,23.46,11.4,5856913571.0,399277000.0,1.602308,2.72,5.856913571,0.399277,14.668797779486422,85.57213930348259,Mid-cap,2026-04-25T14:52:57.872278,0,2023.0,29.4,,unlabeled,0.8809523809523809,0.3095238095238095,0.4047619047619047,0.8690476190476191,0.0714285714285714,0.1309523809523809,0.2834014020347282,-0.3167301990160894,-0.4608349926454043,0.0,2,22.49088860758527,19.805165972077585,1,0,0,1,1,0,1,0,0,0,0,0,0,0,0,0,0,0,0,1,0.99246866,75.3
UA,Under Armour Class C,Consumer Discretionary,11.95,29.15,0.0,0.45,21.805,10.36,5366628950.0,399277000.0,1.4738787,2.5,5.36662895,0.399277,13.440866741635508,86.10747051114024,Mid-cap,2026-04-25T14:52:57.872278,0,2023.0,29.4,,unlabeled,0.8333333333333334,0.25,0.2976190476190476,0.7976190476190477,0.0238095238095238,0.1309523809523809,0.1771963090827331,-0.322520983185268,-0.548503119372814,0.0,2,22.40346579248005,19.805165972077585,1,0,0,1,1,0,1,0,0,0,0,0,0,0,0,0,0,0,0,1,0.98882675,75.1
UNP,Union Pacific,Industrials,124.86,22.06,2.062655,13.52,143.05,101.06,101513290382.0,10169000000.0,4.8605075,4.46,101.513290382,10.169,9.982622714327858,43.31983805668018,Large-cap,2026-04-25T14:52:57.872278,0,2023.0,76.75,,none,0.5373134328358209,0.5074626865671642,0.9253731343283582,0.3582089552238806,0.9253731343283582,0.7910447761194029,0.1115779378180508,-0.203661607168721,1.4129969664515951,-0.2498262455541806,1,25.343455566590382,23.04260971385375,0,1,0,0,1,0,0,0,0,0,0,1,0,0,0,0,0,1,0,0,0.019880425,18.6
UAL,United Continental Holdings,Industrials,63.37,8.85,0.0,7.05,83.04,56.51,19363059152.0,5929000000.0,0.5020496,2.09,19.363059152,5.929,3.2658220866925283,74.1424802110818,Large-cap,2026-04-25T14:52:57.872278,0,2023.0,76.75,,unlabeled,0.0149253731343283,0.0746268656716417,0.0149253731343283,0.0298507462686567,0.5074626865671642,0.0597014925373134,-2.4940760311693406,-0.3047349494687623,-1.279701242790878,-1.351341072426177,4,23.686632920413167,22.503121401840303,1,0,0,1,1,0,0,0,0,0,0,1,0,0,0,0,0,1,0,0,0.97277796,87.1
UNH,United Health Group Inc.,Health Care,216.46,21.47,1.3284917,10.71,250.79,156.49,218834811333.0,17454000000.0,1.0903316,4.71,218.834811333,17.454,12.537802872292884,36.40509013785789,Mega-cap,2026-04-25T14:52:57.872278,0,2021.5,63.0,,none,0.5737704918032787,0.639344262295082,0.180327868852459,0.3934426229508196,0.9836065573770492,0.7049180327868853,-0.0792207961493892,-0.1681453967471419,-0.9787240408783384,0.0,2,26.111582995999868,23.582834685744825,0,0,0,0,1,0,0,0,0,0,1,0,0,0,0,0,0,0,1,0,0.012095651,24.0
UPS,United Parcel Service,Industrials,109.28,18.27,2.9666696,5.62,135.53,102.12,96436356833.0,7919000000.0,1.4744618,64.7,96.436356833,7.919,12.177845287662583,78.56929063154745,Large-cap,2026-04-25T14:52:57.872278,0,2023.0,76.75,,none,0.2238805970149253,0.9850746268656716,0.2537313432835821,0.5373134328358209,0.8955223880597015,0.9701492537313432,-0.6359942455628887,2.365392460407012,-0.678935410089928,0.110177027858981,2,25.292149113042303,22.792530772300964,0,1,0,1,1,0,0,0,0,0,0,1,0,0,0,0,0,1,0,0,0.05904144,27.9
URI,"United Rentals, Inc.",Industrials,161.99,16.33,0.0,15.72,189.0,100.621,14654954091.0,2760000000.0,2.1782618,4.53,14.654954091,2.76,5.309765975,30.561558741329943,Large-cap,2026-04-25T14:52:57.872278,1,2023.0,76.75,,rumoured,0.1492537313432835,0.5373134328358209,0.5223880597014925,0.0895522388059701,0.3582089552238806,0.0597014925373134,-1.0186565241272751,-0.2006763185775805,-0.24412083962801,-1.0161465917381736,2,23.408044278521626,21.738496517037788,1,0,0,0,1,0,0,0,0,0,0,1,0,0,0,0,0,1,0,0,0.9939036,75.7
UTX,United Technologies,Industrials,127.48,19.26,2.1216943,5.7,139.24,107.05,105387272474.0,10584000000.0,1.7324123,3.4,105.387272474,10.584,9.957225290438398,36.53308480894688,Large-cap,2026-04-25T14:52:57.872278,1,2020.0,120.0,Raytheon-UTX merger,completed,0.2985074626865671,0.3283582089552239,0.3134328358208955,0.3432835820895522,0.9402985074626866,0.8208955223880597,-0.4407181343367326,-0.2488674058345622,-0.5195710510988268,-0.2539912700248329,4,25.38090771125562,23.08260926385355,0,1,0,0,1,0,0,0,0,0,0,1,0,0,0,0,0,1,0,0,0.70606613,75.2
UHS,"Universal Health Services, Inc.",Health Care,114.87,15.36,0.34153005,7.14,129.74,95.26,11116075286.0,1676204000.0,1.3158662,2.21,11.116075286,1.676204,6.631695954669002,43.12645011600929,Large-cap,2026-04-25T14:52:57.872278,0,2021.5,63.0,,unlabeled,0.2786885245901639,0.1147540983606557,0.2459016393442623,0.1639344262295081,0.081967213114754,0.4754098360655737,-0.3059899189978816,-0.2678929098989241,-0.9196140884015558,0.0,4,23.13165812165368,21.23979755057289,1,0,0,0,1,0,0,0,0,0,1,0,0,0,0,0,0,1,0,0,0.97014904,87.1
UNM,Unum Group,Financials,47.87,11.51,1.8189007,4.38,58.73,43.55,11256432318.0,0.0,0.9984924,1.19,11.256432318,0.0,13.333242399935546,71.54150197628458,Large-cap,2026-04-25T14:52:57.872278,1,2023.0,13.0,,rumoured,0.088235294117647,0.25,0.0588235294117647,0.6323529411764706,0.1764705882352941,0.4264705882352941,-0.7541450106849349,-0.2086875695361158,-0.9052773105443082,0.0,3,23.14420556389229,0.0,1,1,0,1,1,1,0,0,0,1,0,0,0,0,0,0,0,1,0,0,0.9886544,83.4
VFC,V.F. Corp.,Consumer Discretionary,78.75,25.9,2.2865665,2.55,82.95,48.05,31797645904.0,1624441000.0,3.7110944,7.89,31.797645904,1.624441,19.57451572817973,12.034383954154734,Large-cap,2026-04-25T14:52:57.872278,0,2023.0,29.4,,unlabeled,0.75,0.7857142857142857,0.8690476190476191,0.9404761904761904,0.7738095238095238,0.7261904761904762,0.0581733600848074,-0.1806467710403922,0.9786601486988054,0.0,0,24.18265809584767,21.208429594162137,0,0,1,0,1,0,1,0,0,0,0,0,0,0,0,0,0,1,0,0,0.16722779,20.3
VLO,Valero Energy,Energy,86.77,18.74,3.5618877,9.24,99.95,60.69,39312309113.0,5401000000.0,0.4211918,1.93,39.312309113,5.401,7.27870933401222,33.57106469689252,Large-cap,2026-04-25T14:52:57.872278,0,2023.0,19.75,,unlabeled,0.3125,0.375,0.0625,0.40625,0.75,0.8125,-0.3367200180209405,-0.4492636665702005,-1.1759390792858704,-0.2581292393487874,4,24.39480351578956,22.40984995874232,1,1,0,0,1,0,0,0,1,0,0,0,0,0,0,0,0,1,0,0,0.12422264,44.3
VAR,Varian Medical Systems,Health Care,112.82,29.93,0.0,2.69,130.29,77.73,10692681720.0,500600000.0,3.9652252,7.32,10.69268172,0.5006,21.359731761885737,33.23820395738205,Large-cap,2026-04-25T14:52:57.872278,1,2021.0,16.4,Siemens Healthineers,completed,0.8524590163934426,0.8032786885245902,0.4590163934426229,0.7704918032786885,0.0655737704918032,0.2131147540983606,0.2347672201023695,-0.0640089930166814,-0.2252484142037329,0.0,1,23.092825393104462,20.03131793895955,0,0,0,0,1,0,0,0,0,0,1,0,0,0,0,0,0,1,0,0,0.9720447,68.1
VTR,Ventas Inc,Real Estate,50.92,12.21,5.965641,1.86,72.36,51.8,18865999082.0,1935931000.0,7.0740495,1.76,18.865999082,1.935931,9.745181559673355,104.28015564202332,Large-cap,2026-04-25T14:52:57.872278,0,2024.0,28.0,,unlabeled,0.1212121212121212,0.1818181818181818,0.3333333333333333,0.2121212121212121,0.6060606060606061,0.8787878787878788,-0.3188417507929204,-0.274564999158637,-0.6946028051465132,0.0,4,23.660627148568118,21.383854185186337,1,1,0,1,1,1,0,0,0,0,0,0,0,0,1,0,0,1,0,0,0.944249,91.5
VRSN,Verisign Inc.,Information Technology,105.62,29.5,0.0,3.43,118.28,81.17,10754983829.0,767864000.0,12.401829,10.82,10.754983829,0.767864,14.0063654878989,34.11479385610347,Large-cap,2026-04-25T14:52:57.872278,0,2020.0,27.5,,unlabeled,0.7,0.7571428571428571,0.9,0.4428571428571428,0.1142857142857142,0.1714285714285714,-0.0875334288410944,0.0088607353190898,1.6569970246598669,-0.2574253970075202,1,23.098635096178224,20.459123193399822,0,0,0,0,1,0,0,0,0,0,0,0,1,0,0,0,0,1,0,0,0.8807541,63.1
VRSK,Verisk Analytics,Industrials,92.28,28.84,0.0,3.45,100.54,75.6,15594677147.0,1011200000.0,9.935474,9.34,15.594677147,1.0112,15.421951292523737,33.11948676824379,Large-cap,2026-04-25T14:52:57.872278,0,2023.0,76.75,,unlabeled,0.9552238805970148,0.8805970149253731,1.0,0.835820895522388,0.4328358208955223,0.0597014925373134,1.4489234268214208,0.0044556546136424,4.548361244380159,0.6421908633741606,0,23.47019548451551,20.73440358234579,0,0,0,0,1,0,0,0,0,0,0,1,0,0,0,0,0,1,0,0,0.97160405,62.0
VZ,Verizon Communications,Telecommunication Services,49.04,13.08,4.626544,7.36,54.77,42.8,208092277044.0,45745000000.0,1.6452544,7.96,208.092277044,45.745,4.5489622263416765,47.86967418546367,Mega-cap,2026-04-25T14:52:57.872278,0,2023.0,28.0,,unlabeled,1.0,1.0,1.0,0.6666666666666666,0.6666666666666666,0.3333333333333333,0.7547872763068819,1.1529080376113343,1.1039535448185618,0.5658835137989215,0,26.061247457908184,24.54634833309977,0,1,0,0,1,0,0,0,0,0,0,0,0,0,0,1,0,0,1,0,0.10580424,20.0
VRTX,Vertex Pharmaceuticals Inc,Health Care,151.6,200.0692,0.0,1.04,174.955,84.39,39369386348.0,97562000.0,16.184554639999998,21.91,39.369386348,0.097562,403.5319729812837,25.788107988737387,Large-cap,2026-04-25T14:52:57.872278,1,2023.0,63.0,,rumoured,1.0,0.9508196721311476,0.9918032786885246,0.9344262295081968,0.6229508196721312,0.2131147540983606,6.549385410960673,0.518117493737119,2.977293379811689,0.0,0,24.39625435501401,18.39599864155676,0,0,1,0,1,0,0,0,0,0,1,0,0,0,0,0,0,1,0,0,0.9210131,59.6
VIAB,Viacom Inc.,Consumer Discretionary,32.71,8.68,2.622091,4.68,46.72,22.13,10601008017.0,5600000000.0,1.0924768,2.08,10.601008017,5.6,1.8930371458928568,56.97437982919885,Large-cap,2026-04-25T14:52:57.872278,0,2023.0,29.4,,unlabeled,0.0714285714285714,0.1785714285714285,0.1666666666666666,0.0238095238095238,0.3095238095238095,0.7976190476190477,-0.5724651573749708,-0.3335761165991545,-0.8088548467689364,0.0,4,23.084214929580828,22.446032434866087,1,1,0,0,1,0,1,0,0,0,0,0,0,0,0,0,0,1,0,0,0.99276006,90.6
V,Visa Inc.,Information Technology,113.86,32.72,0.70204765,2.8,126.88,84.88,270038723213.0,13086000000.0,14.433654,9.4,270.038723213,13.086,20.63569640936879,30.99999999999999,Mega-cap,2026-04-25T14:52:57.872278,0,2020.0,27.5,,none,0.7571428571428571,0.7142857142857143,0.9428571428571428,0.7428571428571429,0.9285714285714286,0.4142857142857143,-0.0056520662978601,-0.0492075873369343,2.167794014669931,0.0768077269550168,0,26.32183120497233,23.294808793470377,0,0,0,0,1,0,0,0,0,0,0,0,1,0,0,0,0,0,1,0,0.0074315094,10.7
VNO,Vornado Realty Trust,Real Estate,66.18,16.22,3.744428,4.33,111.72,66.0101,12778779911.0,0.0,7.1491003,3.63,12.778779911,0.0,12.232232065381956,99.62830809080744,Large-cap,2026-04-25T14:52:57.872278,0,2024.0,28.0,,unlabeled,0.4848484848484848,0.696969696969697,0.3636363636363636,0.9848484848484848,0.4242424242424242,0.5454545454545454,-0.1940935724402885,-0.1536097871506452,-0.6763995898603552,0.0,2,23.271051812793782,0.0,1,1,0,1,1,0,0,0,0,0,0,0,0,0,1,0,0,1,0,0,0.9910753,79.2
VMC,Vulcan Materials,Materials,121.47,40.9,0.7797879,3.1,141.2,108.95,16964162228.0,970976000.0,5.7576876,3.54,16.964162228,0.970976,17.47124772187984,61.17829457364341,Large-cap,2026-04-25T14:52:57.872278,0,2023.0,63.0,,unlabeled,0.96,0.44,0.96,0.92,0.52,0.08,1.1414119042484503,-0.4180182097215726,1.876011230461831,0.8854919574049605,1,23.554368851646725,20.69381231019321,0,0,0,0,1,0,0,0,0,0,0,0,0,1,0,0,0,1,0,0,0.98336077,69.7
WMT,Wal-Mart Stores,Consumer Staples,100.02,23.1,1.983471,4.39,109.98,66.89,304680931618.0,30721000000.0,0.82099426,3.89,304.680931618,30.721,9.917676235083494,23.11441169644931,Mega-cap,2026-04-25T14:52:57.872278,0,2022.0,18.7,,none,0.6764705882352942,0.3823529411764705,0.2058823529411764,0.2647058823529412,1.0,0.2941176470588235,0.1613828102934774,-0.3599541809839307,-0.8173058200103888,-0.3802265273457361,3,26.442530940142923,24.14821229681196,0,1,1,0,1,0,0,1,0,0,0,0,0,0,0,0,0,0,1,0,0.024295786,31.7
WBA,Walgreens Boots Alliance,Consumer Staples,68.22,13.38,2.2368238,3.78,88.0,63.82,70862541911.0,7083000000.0,0.5904388,3.06,70.862541911,7.083,10.004594368346746,81.80314309346568,Large-cap,2026-04-25T14:52:57.872278,0,2022.0,18.7,,unlabeled,0.088235294117647,0.2647058823529412,0.1176470588235294,0.2941176470588235,0.7352941176470589,0.4117647058823529,-1.218534166311657,-0.3756920404843158,-0.9091141288852904,-0.3714346880947087,4,24.984007808051945,22.68096338385908,0,1,0,1,1,0,0,1,0,0,0,0,0,0,0,0,0,1,0,0,0.36026862,56.2
WM,Waste Management Inc.,Industrials,79.12,25.36,2.0800195,2.66,89.73,69.55,35488486675.0,3896000000.0,3.2787669,6.73,35.488486675,3.896,9.10895448536961,52.57680872150642,Large-cap,2026-04-25T14:52:57.872278,0,2023.0,76.75,,unlabeled,0.7611940298507462,0.7761194029850746,0.7164179104477612,0.2686567164179104,0.7014925373134329,0.8059701492537313,0.7624983085719035,-0.1068529628560232,0.4357820480498103,-0.393102570297991,1,24.29247416183909,22.08321622298337,0,0,0,0,1,0,0,0,0,0,0,1,0,0,0,0,0,1,0,0,0.06598495,20.8
WAT,Waters Corporation,Health Care,191.79,26.64,0.0,0.19,220.2,145.94,16064078572.0,773932000.0,6.9824114,6.15,16.064078572,0.773932,20.756447041858976,38.25747374091032,Large-cap,2026-04-25T14:52:57.872278,0,2021.5,63.0,,unlabeled,0.7868852459016393,0.7540983606557377,0.819672131147541,0.7213114754098361,0.2459016393442623,0.2131147540983606,0.1126607693377967,-0.1106908291717154,0.5655204208025336,0.0,0,23.49985147169128,20.466994573689444,0,0,0,0,1,0,0,0,0,0,1,0,0,0,0,0,0,1,0,0,0.9834901,62.7
WEC,Wec Energy Group Inc,Utilities,59.5,19.57,3.691948,3.79,70.09,56.63,18890296993.0,2736500000.0,2.4834197,2.1,18.890296993,2.7365,6.9030867871368535,78.67756315007432,Large-cap,2026-04-25T14:52:57.872278,0,2018.0,14.6,,unlabeled,0.7321428571428571,0.6785714285714286,0.4642857142857143,0.7142857142857143,0.5357142857142857,0.5,0.6368265613970415,-0.0064531930112199,-0.0731808333487386,0.4118277969598142,1,23.66191424062316,21.72994556891368,0,1,0,1,1,0,0,0,0,0,0,0,0,0,0,0,1,1,0,0,0.9795593,72.4
WFC,Wells Fargo,Financials,55.4,13.58,2.7111576,4.07,66.31,49.27,281463620775.0,0.0,2.8728192,1.58,281.463620775,0.0,13.333242399935546,64.02582159624416,Mega-cap,2026-04-25T14:52:57.872278,0,2023.0,13.0,,none,0.2941176470588235,0.4779411764705882,0.5,0.6323529411764706,0.9705882352941176,0.8382352941176471,-0.4797403274640187,-0.1940118694694572,-0.1862057197847476,0.0,2,26.36326904269699,0.0,0,1,0,0,1,0,0,0,0,1,0,0,0,0,0,0,0,0,1,0,0.007241672,25.2
HCN,Welltower Inc.,Real Estate,54.67,12.74,6.1538463,2.81,78.17,55.29,20943679019.0,1908253000.0,6.725218,1.49,20.943679019,1.908253,10.975315652065005,102.7097902097902,Large-cap,2026-04-25T14:52:57.872278,0,2024.0,28.0,,unlabeled,0.1515151515151515,0.0909090909090909,0.2424242424242424,0.3333333333333333,0.696969696969697,0.9090909090909092,-0.3023538369458144,-0.2920291206785074,-0.779210229625579,0.0,4,23.765102720366265,21.369454001286712,1,1,0,1,1,1,0,0,0,0,0,0,0,0,1,0,0,1,0,0,0.8296355,85.5
WDC,Western Digital,Information Technology,80.09,10.19,2.389201,1.29,95.77,71.38,24760297793.0,5169000000.0,1.245503,2.0,24.760297793,5.169,4.790152407235442,64.28864288642883,Large-cap,2026-04-25T14:52:57.872278,0,2020.0,27.5,,unlabeled,0.0714285714285714,0.1,0.0428571428571428,0.0428571428571428,0.4571428571428571,0.8285714285714286,-0.5785673141547139,-0.3518171561077646,-1.147682384428519,-0.7220821965464321,4,23.93250731191181,22.365945083353772,1,1,0,0,1,0,0,0,0,0,0,0,1,0,0,0,0,1,0,0,0.92046046,86.7
WU,Western Union Co,Information Technology,18.81,10.17,3.5915854,0.51,22.21,18.39,8951609207.0,694600000.0,2.22677,12.65,8.951609207,0.6946,12.887430473653902,89.00523560209429,Mid-cap,2026-04-25T14:52:57.872278,0,2020.0,27.5,,unlabeled,0.0571428571428571,0.8428571428571429,0.1857142857142857,0.3428571428571428,0.0714285714285714,0.9714285714285714,-0.5790758940462867,0.0836952638124167,-0.9009937030724946,-0.3138391059854467,3,22.91509915284767,20.35884669971393,1,1,0,1,1,0,0,0,0,0,0,0,1,0,0,0,0,0,0,1,0.9755078,84.4
WRK,WestRock Company,Materials,60.93,23.26,2.6699784,2.77,71.55,49.23,16433340688.0,2262300000.0,1.075785,1.58,16.433340688,2.2623,7.263997121513504,47.58064516129031,Large-cap,2026-04-25T14:52:57.872278,0,2023.0,63.0,,unlabeled,0.52,0.12,0.12,0.16,0.48,0.84,0.1408691584362402,-1.0741006016612606,-1.172059193979833,-0.9236055653686408,3,23.522578076933332,21.539647832283013,1,1,0,0,1,1,0,0,0,0,0,0,0,1,0,0,0,1,0,0,0.98657346,84.3
WY,Weyerhaeuser Corp.,Real Estate,33.6,34.29,3.7079954,0.77,37.89,30.9504,26070297960.0,1365000000.0,3.6396794,2.9,26.07029796,1.365,19.099119384615385,61.81912502161505,Large-cap,2026-04-25T14:52:57.872278,1,2024.0,28.0,,rumoured,0.9696969696969696,0.5757575757575758,0.1212121212121212,0.8484848484848485,0.8181818181818182,0.4848484848484848,0.3680509619317959,-0.2008275971858505,-1.5275929705097648,0.0,1,23.984062494093862,21.034420266315934,0,0,0,0,1,0,0,0,0,0,0,0,0,0,1,0,0,1,0,0,0.93921834,70.4
WHR,Whirlpool Corp.,Consumer Discretionary,164.95,11.77,2.5652986,4.51,202.99,158.8,12177920000.0,1842000000.0,0.58064795,2.57,12.17792,1.842,6.611248642779588,86.08282416836394,Large-cap,2026-04-25T14:52:57.872278,0,2023.0,29.4,,unlabeled,0.1547619047619047,0.2857142857142857,0.0476190476190476,0.2142857142857142,0.4047619047619047,0.7619047619047619,-0.4593017997123277,-0.3206784609496203,-1.158238332348507,0.0,4,23.222890312970144,21.33411777532241,1,1,0,1,1,0,1,0,0,0,0,0,0,0,0,0,0,1,0,0,0.99488914,90.8
WMB,Williams Cos.,Energy,28.56,48.41,4.0,-0.57,33.67,26.8188,24802396470.0,3955000000.0,4.2982845,3.01,24.80239647,3.955,6.271149549936789,74.58547407753389,Large-cap,2026-04-25T14:52:57.872278,1,2023.0,19.75,,rumoured,0.71875,0.8125,0.6875,0.3125,0.5625,0.875,0.1165753656306471,0.5174963342184548,0.2189932937435345,-0.3039925304177324,1,23.934206117343948,22.098246438418872,0,0,0,1,0,0,0,0,1,0,0,0,0,0,0,0,0,1,0,0,0.9912786,73.5
WLTW,Willis Towers Watson,Financials,152.36,18.67,1.347058,3.07,165.0,120.869,20780269334.0,1440000000.0,3.4484663,2.1,20.780269334,1.44,14.430742593055555,28.64199768869952,Large-cap,2026-04-25T14:52:57.872278,0,2023.0,13.0,,unlabeled,0.6764705882352942,0.6911764705882353,0.6911764705882353,0.1617647058823529,0.3823529411764705,0.2058823529411764,0.1950035554318576,-0.1744442693805792,0.0346370254148237,0.0,1,23.757269783794325,21.08790895122877,0,0,1,0,1,0,0,0,0,1,0,0,0,0,0,0,0,1,0,0,0.957423,68.9
WYN,Wyndham Worldwide,Consumer Discretionary,113.56,18.77,1.9541779,5.53,127.96,80.11,11993835688.0,1232000000.0,2.7332082,18.91,11.993835688,1.232,9.73525624025974,30.09404388714732,Large-cap,2026-04-25T14:52:57.872278,1,2018.0,29.4,Wyndham split,completed,0.5059523809523809,0.9047619047619048,0.6785714285714286,0.4642857142857143,0.3928571428571428,0.6785714285714286,-0.2029446787937186,0.1094188723430088,0.3111376183526536,0.0,1,23.20765866216584,20.931904702869428,0,1,0,0,1,0,1,0,0,0,0,0,0,0,0,0,0,1,0,0,0.99813557,71.6
WYNN,Wynn Resorts Ltd,Consumer Discretionary,169.28,31.7,1.1279043,7.27,203.63,92.67,18225400525.0,1501301000.0,2.478658,51.69,18.225400525,1.501301,12.139737817399707,30.957101658255223,Large-cap,2026-04-25T14:52:57.872278,0,2023.0,29.4,,unlabeled,0.8690476190476191,0.9404761904761904,0.6428571428571429,0.6904761904761905,0.5714285714285714,0.4047619047619047,0.2705835459887978,0.9722457135506212,0.1373771198364467,0.0,0,23.6260820913349,21.12959790313779,0,0,0,0,1,0,1,0,0,0,0,0,0,0,0,0,0,1,0,0,0.98917,64.1
XEL,Xcel Energy Inc,Utilities,42.44,18.14,3.3914273,2.21,52.22,41.16,21559611927.0,3885828000.0,2.520456,1.94,21.559611927,3.885828,5.54826717162983,88.4267631103074,Large-cap,2026-04-25T14:52:57.872278,0,2018.0,14.6,,unlabeled,0.5357142857142857,0.5357142857142857,0.5357142857142857,0.5,0.6785714285714286,0.2857142857142857,0.30246338911357,-0.1586126913810358,-0.0382814698855906,-0.0739769495637107,0,23.79408758319627,22.080601925728075,0,1,0,1,1,1,0,0,0,0,0,0,0,0,0,0,1,1,0,0,0.9855237,66.3
XRX,Xerox Corp.,Information Technology,29.8,8.87,3.207184,0.59,37.42,26.64,7938833340.0,1191000000.0,0.7877656,1.49,7.93883334,1.191,6.665687103274559,70.68645640074212,Mid-cap,2026-04-25T14:52:57.872278,0,2020.0,27.5,,unlabeled,0.0285714285714285,0.0428571428571428,0.0142857142857142,0.0714285714285714,0.0428571428571428,0.9428571428571428,-0.6121335869985243,-0.3726726804419704,-1.2627567073328207,-0.6275227563882858,4,22.79503216702667,20.898059128159204,1,1,0,1,1,1,0,0,0,0,0,0,1,0,0,0,0,0,0,1,0.98491365,90.7
XLNX,Xilinx Inc,Information Technology,62.82,27.19,2.0904882,2.32,77.26,54.99,17064975551.0,845468000.0,7.101206,7.22,17.064975551,0.845468,20.184058475305985,64.8405927256399,Large-cap,2026-04-25T14:52:57.872278,1,2022.0,49.0,AMD,completed,0.6142857142857143,0.6285714285714286,0.7428571428571429,0.7285714285714285,0.3571428571428571,0.7714285714285715,-0.1462744063177624,-0.1383547305694221,0.3244303550017458,0.0540373509713832,0,23.56029398666415,20.555400879341896,0,0,0,0,1,0,0,0,0,0,0,0,1,0,0,0,0,1,0,0,0.97000825,64.0
XL,XL Capital,Financials,41.26,-19.93,2.0952382,-2.24,47.27,33.77,10753423590.0,0.0,0.84394187,0.97,10.75342359,0.0,13.333242399935546,44.51851851851856,Large-cap,2026-04-25T14:52:57.872278,0,2023.0,13.0,,unlabeled,0.0147058823529411,0.1323529411764706,0.0294117647058823,0.6323529411764706,0.1617647058823529,0.6323529411764706,-4.921914692069285,-0.2169661695737181,-0.9645694763821082,0.0,3,23.09849001439953,0.0,1,1,0,0,0,1,0,0,0,1,0,0,0,0,0,0,0,1,0,0,0.9891173,83.7
XYL,Xylem Inc.,Industrials,70.24,30.94,1.1700794,1.83,76.81,46.86,12915021000.0,722000000.0,2.7262094,5.31,12.915021,0.722,17.887840720221607,21.936560934891503,Large-cap,2026-04-25T14:52:57.872278,0,2023.0,76.75,,unlabeled,0.9850746268656716,0.6194029850746269,0.6417910447761194,0.9402985074626866,0.2537313432835821,0.3582089552238806,1.863145480937509,-0.1674116742763011,0.0944065834035882,1.0465818698394451,0,23.281656889586586,20.39753569824214,0,0,1,0,1,0,0,0,0,0,0,1,0,0,0,0,0,1,0,0,0.99525404,64.4
YUM,Yum! Brands Inc,Consumer Discretionary,76.3,27.25,1.7970798,4.07,86.93,62.85,27003303098.0,2289000000.0,6.3136363,205.0419999999998,27.003303098,2.289,11.79698693665356,44.14451827242528,Large-cap,2026-04-25T14:52:57.872278,0,2023.0,29.4,,unlabeled,0.8095238095238095,0.9940476190476192,0.988095238095238,0.6666666666666666,0.7380952380952381,0.5952380952380952,0.1076136619762535,5.008738140422787,2.7552015851357665,0.0,0,24.019225032468174,21.55138087835371,0,0,0,0,1,0,1,0,0,0,0,0,0,0,0,0,0,1,0,0,0.68958354,48.5
ZBH,Zimmer Biomet Holdings,Health Care,115.53,14.32,0.7948336,9.01,133.49,108.17,24454698119.0,2007400000.0,3.1648953,2.39,24.454698119,2.0074,12.182274643319715,70.93206951026858,Large-cap,2026-04-25T14:52:57.872278,0,2021.5,63.0,,none,0.2622950819672131,0.1639344262295081,0.3442622950819672,0.3770491803278688,0.4426229508196721,0.5901639344262295,-0.3445889186316676,-0.2607110889519957,-0.4350054198017573,0.0,4,23.920088186555677,21.42010618984213,1,0,0,1,1,0,0,0,0,0,1,0,0,0,0,0,0,1,0,0,0.17647226,44.2
ZION,Zions Bancorp,Financials,50.71,17.73,1.480933,2.6,55.61,38.43,10670678640.0,0.0,3.7945793,1.42,10.67067864,0.0,13.333242399935546,28.52153667054714,Large-cap,2026-04-25T14:52:57.872278,1,2023.0,13.0,,rumoured,0.6176470588235294,0.3529411764705882,0.7794117647058824,0.6323529411764706,0.1470588235294117,0.2205882352941176,0.0703946654668036,-0.2000326694968043,0.1674207136662874,0.0,1,23.090765502955406,0.0,0,0,1,0,1,1,0,0,0,1,0,0,0,0,0,0,0,1,0,0,0.9951109,70.9
ZTS,Zoetis,Health Care,71.51,32.8,0.68237203,1.65,80.13,52.0,35991109776.0,1734000000.0,9.280896,18.09,35.991109776,1.734,20.75611867128028,30.643441166014902,Large-cap,2026-04-25T14:52:57.872278,1,2023.0,63.0,,rumoured,0.9016393442622952,0.9344262295081968,0.9016393442622952,0.6885245901639344,0.5737704918032787,0.5573770491803278,0.3412856133225288,0.3657032936411959,1.1679260626624377,0.0,0,24.3065377942663,21.273696715881464,0,0,0,0,1,0,0,0,0,0,1,0,0,0,0,0,0,1,0,0,0.9186221,60.1
